directory,description,file_path
Amfest,"AmericaFest, TPUSA's flagship Phoenix conference and the stage that recurs most in this case — speaker fights, the July 2025 anchor week, the August 25 flyer, the Candace Owens invitation, and the first AmFest without Charlie Kirk.",site/docs/Amfest/
Cause_of_Death,What actually killed Charlie Kirk. Citizen investigators conclude an explosive device — most likely in the microphone — rather than the .30-06 rifle round of the official account. The site's central evidentiary question.,site/docs/Cause_of_Death/
Consciousness_Control,"Consciousness-control claims bearing on the case — Havana Syndrome, Voice of God and V2K, directed-energy effects, brain-to-brain research, and why an intelligence service would want a shooter who looks unstable.",site/docs/Consciousness_Control/
court,"State of Utah v. Tyler Robinson, case 251403576 — judges, prosecution and defense teams, discovery fights, gag orders, preliminary hearing transcripts, ballistics disputes, and Miranda-timing motions.",site/docs/court/
Fix,The four proposed federal disclosure laws modeled on the Epstein Files Transparency Act — the reform path this site argues is how the truth actually gets forced out. Public card layout plus each law's full text.,site/docs/Fix/
GoogleSearches,"Google Trends claims of pre-September 10 search interest in case people, places, planes, and institutions from Israel, Washington D.C., and federal corridors. Leads only — Trends cannot show who searched or why.",site/docs/GoogleSearches/
laws,"The four federal forced-disclosure laws in full drafting detail — DoJ/FBI disclosure, U.S. intelligence disclosure, mandating the investigation, and trusted investigators — with the discovery list behind each.",site/docs/laws/
Legal,"The legal dimension broadly — court proceedings, evidence handling, gag orders, and the legal investigation into the September 10, 2025 UVU shooting.",site/docs/Legal/
legal_investigation,"Legal proceedings and evidence handling as a process — how records were requested, sealed, produced, or refused, and what the legal machinery has and has not disclosed.",site/docs/legal_investigation/
maps,"Maps and spatial analysis — the UVU campus geometry, sight lines from the claimed firing position, travel routes, and the geographic reasoning behind trajectory and movement claims.",site/docs/maps/
Media,"How newspapers, broadcast TV, and digital platforms covered the assassination and the Robinson capital case — framing choices, the early 'shot to the heart' description, censorship, and trial press access.",site/docs/Media/
Messages,"Every reported message Charlie Kirk sent or received in the weeks before September 10, 2025 — one page per message, with its source, its channel, and its verification status.",site/docs/Messages/
Mic,"The exploding-mic theory — video and Canon XA55 audio evidence, RODE hardware and its DoD contract, AES procurement, the burnt fragment in the SUV, the AV team, and mic-over-versus-under placement.",site/docs/Mic/
Photos,"Photographic evidence — official and media images, crime-scene stills, comparison photos, and the per-image Level 5 pages generated from the image pipeline.",site/docs/Photos/
Timeline,"Chronological hub — 2024 signals, the 2025 pre-shot arc, the September 10 day-of sequence, the surrender chain, witness-account gaps, and the post-shot milestones.",site/docs/Timeline/
Vote,How citizens respond through voting and civic engagement — which offices and votes actually bear on forcing disclosure in this case.,site/docs/Vote/
Your_Actions_Fix_It,"Concrete actions an individual can take — contacting representatives about the four laws, filing records requests, preserving evidence, spreading findings, and pressing for a real investigation.",site/docs/Your_Actions_Fix_It/
serena_hotel,"Israeli-registered phones reported at UVU on September 10, 2025, and four reportedly traced to Islamabad's sealed Serena Hotel on the eve of the April 2026 US–Iran talks — the claim, the hotel, the Red Zone lockdown, who could get inside, and the records that would settle it.",site/docs/serena_hotel/
