filename,bytes,docket_label,source_url
2025-09-16_dkt_Acknowledgment_of_Firearm_Restriction.pdf,142881,"Acknowledgment of Firearm Restriction, 9-16-25<div class=""",https://andreaburkhart.substack.com/api/v1/file/361d1fcb-c9de-4549-8c02-78450bae7fb7.pdf
2025-09-16_dkt_Bail_Order.pdf,724774,"Bail Order, 9-16-25<div class=""",https://andreaburkhart.substack.com/api/v1/file/5a7cca47-f738-488e-9107-6e0495524469.pdf
2025-09-16_dkt_Information.pdf,290634,"Information, 9-16-25<div class=""",https://andreaburkhart.substack.com/api/v1/file/15011912-ef6a-4cb0-9110-da11ae43c0b8.pdf
2025-09-16_dkt_Order_Pretrial_Protective_Order.pdf,788956,"Order Pretrial Protective Order, 9-16-25 <div class=""",https://andreaburkhart.substack.com/api/v1/file/903f010b-5e13-4966-9bb4-36c76b544a45.pdf
2025-09-16_dkt_Order_Proposed_Pretrial_Protective_Order.pdf,393197,"Order (Proposed) Pretrial Protective Order, 9-16-25<div class=""",https://andreaburkhart.substack.com/api/v1/file/c6387776-9454-44bb-beb1-33a226b44572.pdf
2025-09-16_dkt_Probable_Cause_Affidavit.pdf,79015,"Probable Cause Affidavit, 9-16-25<div class=""",https://andreaburkhart.substack.com/api/v1/file/6176388e-e453-4f96-aa18-b7417f6c3853.pdf
2025-09-16_dkt_Public_Safety_Assessment_Report.pdf,737186,"Public Safety Assessment Report, 9-16-25<div class=""",https://andreaburkhart.substack.com/api/v1/file/3d101069-1ce7-40a7-a630-7b95ae234197.pdf
2025-09-16_dkt_Request_for_Designation_of_Victim_Representative.pdf,97973,"Request for Designation of Victim Representative, 9-16-25<div class=""",https://andreaburkhart.substack.com/api/v1/file/f479c8bd-2db7-492f-957e-82923b693154.pdf
2025-09-16_dkt_Return_of_Electronic_Notification_01.pdf,20882,"Return of Electronic Notification, 9-16-25<div class=""",https://andreaburkhart.substack.com/api/v1/file/c31a6d84-7df7-459e-9f83-61007028a30a.pdf
2025-09-16_dkt_Return_of_Electronic_Notification_02.pdf,20934,"Return of Electronic Notification, 9-16-25<div class=""",https://andreaburkhart.substack.com/api/v1/file/35c5a943-39cf-499e-b42b-df84896ce849.pdf
2025-09-16_dkt_State_s_Notice_of_Intent_to_Seek_the_Death_Penalty.pdf,183354,"State’s Notice of Intent to Seek the Death Penalty, 9-16-25<div class=""",https://andreaburkhart.substack.com/api/v1/file/0de50288-75a3-4d17-981e-720a32158ce3.pdf
2025-09-22_dkt_Initial_Appearance.pdf,728301,"Initial Appearance, 9-22-25<div class=""",https://andreaburkhart.substack.com/api/v1/file/27a066c0-ece9-4514-986a-85f44487912c.pdf
2025-09-22_dkt_Order_for_Court_Reporter.pdf,206932,"Order for Court Reporter, 9-22-25<div class=""",https://andreaburkhart.substack.com/api/v1/file/bcadabfb-5b7a-402a-98e6-2b2279e60c76.pdf
2025-09-22_dkt_Protection_Order_Re_Pre_Trial_and_Trial_Publicity.pdf,273063,"Protection Order Re: Pre-Trial and Trial Publicity, 9-22-25<div class=""",https://andreaburkhart.substack.com/api/v1/file/318a8e0e-652a-495d-b86f-b89a1784b365.pdf
2025-09-23_dkt_Notice_for_Case_251403576_FS_Judge_Tony_F_Graf_Jr.pdf,21251,"Notice for Case 251403576 FS Judge: Tony F. Graf Jr., 9-23-25<div class=""",https://andreaburkhart.substack.com/api/v1/file/3d3005e1-7eae-4f87-b187-f53ca8acb166.pdf
2025-09-24_dkt_Order_to_Transport.pdf,129923,"Order to Transport, 9-24-25<div class=""",https://andreaburkhart.substack.com/api/v1/file/c4357d04-b414-49e6-8e63-5baecc6c449c.pdf
2025-09-24_dkt_Standing_Decorum_Order.pdf,593267,"Standing Decorum Order, 9-24-25<div class=""",https://andreaburkhart.substack.com/api/v1/file/20aa8189-c801-47d0-8b7e-1e4a84d74983.pdf
2025-09-25_dkt_Affidavit_Declaration_Rule_8_Declaration_of_Kathryn_N_Nester.pdf,173914,"Affidavit/Declaration Rule 8 Declaration of Kathryn N. Nester, 9-25-25<div class=""",https://andreaburkhart.substack.com/api/v1/file/bf5aee24-3c96-4862-82fc-8ab02671c83f.pdf
2025-09-25_dkt_Affidavit_Declaration_Rule_8_Declaration_of_Michael_N_Burt.pdf,154738,"Affidavit/Declaration Rule 8 Declaration of Michael N. Burt, 9-25-25<div class=""",https://andreaburkhart.substack.com/api/v1/file/d980601e-4539-46f1-9f82-16ca8535b13a.pdf
2025-09-25_dkt_Affidavit_Declaration_Rule_8_Declaration_of_Richard_G_Novak.pdf,185498,"Affidavit/Declaration Rule 8 Declaration of Richard G. Novak, 9-25-25<div class=""",https://andreaburkhart.substack.com/api/v1/file/fcef7e1e-0d8b-4719-a382-f44f380b16ab.pdf
2025-09-25_dkt_Motion_Pro_Hac_Vice_to_Admit_Michael_N_Burt.pdf,368948,"Motion Pro Hac Vice to Admit Michael N. Burt, 9-25-25<div class=""",https://andreaburkhart.substack.com/api/v1/file/04b4bdef-7773-4ac9-9830-a3ddae4f85e9.pdf
2025-09-25_dkt_Motion_Pro_Hac_Vice_to_Admit_Richard_G_Novak.pdf,342182,"Motion Pro Hac Vice to Admit Richard G. Novak, 9-25-25<div class=""",https://andreaburkhart.substack.com/api/v1/file/5d7398b3-f6e4-42dd-a0a6-d719fa27fc6c.pdf
2025-09-26_dkt_Order_Admitting_Michael_N_Burt_Pro_Hac_Vice.pdf,770303,"Order Admitting Michael N. Burt Pro Hac Vice, 9-26-25<div class=""",https://andreaburkhart.substack.com/api/v1/file/4ebb4802-a92a-4c22-8b76-173a618dc35c.pdf
2025-09-27_dkt_Order_Admitting_Richard_G_Novak_Pro_Hac_Vice.pdf,770389,"Order Admitting Richard G. Novak Pro Hac Vice, 9-27-25<div class=""",https://andreaburkhart.substack.com/api/v1/file/99b9f3de-4371-4db5-a957-c770aeeaeb4f.pdf
2025-09-27_dkt_Order_Findings_of_Fact_and_Conclusions_of_Law_Regarding_Appointment_of_Rule_8_Counsel_div_.pdf,769798,"Order Findings of Fact and Conclusions of Law Regarding Appointment of Rule 8 Counsel, 9-27-25<div class=""",https://andreaburkhart.substack.com/api/v1/file/b7951b82-052a-42f7-8bbd-715e4faf5868.pdf
2025-09-28_dkt_Supplemental_Exhibit_to_Motion_and_Consent_of_Sponsoring_Local_Counsel_for_Pro_Hac_Vice_Ad_01.pdf,303744,"Supplemental Exhibit to Motion and Consent of Sponsoring Local Counsel for Pro Hac Vice Admission of Out of State Counsel Michael N. Burt, 9-28-25<div class=""",https://andreaburkhart.substack.com/api/v1/file/8e18e9dd-966e-4b4b-ac42-292e1b747f53.pdf
2025-09-28_dkt_Supplemental_Exhibit_to_Motion_and_Consent_of_Sponsoring_Local_Counsel_for_Pro_Hac_Vice_Ad_02.pdf,209571,"Supplemental Exhibit to Motion and Consent of Sponsoring Local Counsel for Pro Hac Vice Admission of Out of State Counsel Richard G. Novak, 9-28-25<div class=""",https://andreaburkhart.substack.com/api/v1/file/cf06cc47-adf9-412f-ae7a-88c300c8143b.pdf
2025-09-28_dkt_Supplemental_Exhibit_to_Rule_8_Declaration_of_Michael_N_Burt.pdf,295268,"Supplemental Exhibit to Rule 8 Declaration of Michael N. Burt, 9-28-25<div class=""",https://andreaburkhart.substack.com/api/v1/file/1bc8f49b-a8cc-4585-a741-c9a0bf19ae3e.pdf
2025-09-28_dkt_Supplemental_Exhibit_to_Rule_8_Declaration_of_Richard_G_Novak.pdf,318219,"Supplemental Exhibit to Rule 8 Declaration of Richard G. Novak, 9-28-25<div class=""",https://andreaburkhart.substack.com/api/v1/file/3394a3a2-6a29-47f4-b6c9-795eb3675e44.pdf
2025-09-29_dkt_Request_and_Order_for_Electronic_Media_Coverage_of_Court_Proceedings.pdf,122011,"Request and Order for Electronic Media Coverage of Court Proceedings, 9-29-25 <div class=""",https://andreaburkhart.substack.com/api/v1/file/a9ba24be-f672-42d5-afd9-62a1b4a2dc7d.pdf
2025-09-30_dkt_Appearance_of_Counsel_Notice_of_Limited_Appearance_of_Counsel_01.pdf,146974,"Appearance of Counsel/Notice of Limited Appearance of Counsel, 9-30-25<div class=""",https://andreaburkhart.substack.com/api/v1/file/64ea8c52-3263-4546-bb20-0b8e84ddca12.pdf
2025-09-30_dkt_Appearance_of_Counsel_Notice_of_Limited_Appearance_of_Counsel_02.pdf,147485,"Appearance of Counsel/Notice of Limited Appearance of Counsel, 9-30-25<div class=""",https://andreaburkhart.substack.com/api/v1/file/74a72add-92b7-47e6-a32e-4649a5992d2b.pdf
2025-09-30_dkt_Appearance_of_Counsel_Notice_of_Limited_Appearance_of_Counsel_03.pdf,147938,"Appearance of Counsel/Notice of Limited Appearance of Counsel, 9-30-25<div class=""",https://andreaburkhart.substack.com/api/v1/file/451541a4-d71e-43df-b2b9-7322bb688209.pdf
2025-09-30_dkt_Appearance_of_Counsel_Notice_of_Limited_Appearance_of_Counsel_04.pdf,146466,"Appearance of Counsel/Notice of Limited Appearance of Counsel, 9-30-25<div class=""",https://andreaburkhart.substack.com/api/v1/file/4ff5ca32-d4fb-433b-a2f2-6dce59a84a6c.pdf
2025-09-30_dkt_Appearance_of_Counsel_Notice_of_Limited_Appearance_of_Counsel_05.pdf,147438,"Appearance of Counsel/Notice of Limited Appearance of Counsel, 9-30-25<div class=""",https://andreaburkhart.substack.com/api/v1/file/2f39b1cf-e5b8-49d5-9fc2-bffd1529fc3b.pdf
2025-09-30_dkt_Request_for_Discovery.pdf,272479,"Request for Discovery, 9-30-25<div class=""",https://andreaburkhart.substack.com/api/v1/file/26bc3b24-7536-403d-9a99-f4c48cf2a373.pdf
2025-10-01_dkt_Telephonic_Conference_01.pdf,726584,"Telephonic Conference, 10-1-25<div class=""",https://andreaburkhart.substack.com/api/v1/file/b4cf5290-71e5-4491-be01-45a5a8422e18.pdf
2025-10-01_dkt_Telephonic_Conference_02.pdf,726450,"Telephonic Conference, 10-1-25<div class=""",https://andreaburkhart.substack.com/api/v1/file/7036d3e3-5ebc-480c-ab8d-d74ae1e2a454.pdf
2025-10-06_dkt_Request_for_Audio_Recording.pdf,101426,"Request for Audio Recording, 10-6-25<div class=""",https://andreaburkhart.substack.com/api/v1/file/bcaecd49-8a97-44b1-ad9f-89299e143a35.pdf
2025-10-08_dkt_Copy_of_Video_Audio_Record_completed.pdf,120077,"Copy of Video/Audio Record (completed), 10-8-25<div class=""",https://andreaburkhart.substack.com/api/v1/file/6903bbde-de6a-4e8c-b9c6-ab7375432e44.pdf
2025-10-08_dkt_Motion_to_Preserve_Evidence.pdf,128484,"Motion to Preserve Evidence, 10-8-25<div class=""",https://andreaburkhart.substack.com/api/v1/file/213c1939-16c4-428a-90bb-3121cfe74dec.pdf
2025-10-09_dkt_Motion_Hearing_Requested_to_Appear_at_All_In_Person_Proceedings_in_Civilian_Clothing_and_W.pdf,521409,"Motion (Hearing Requested) to Appear at All In-Person Proceedings in Civilian Clothing and Without Restraints and Memorandum in Support, 10-9-25<div class=""",https://andreaburkhart.substack.com/api/v1/file/9bb9127e-4fe5-4c5a-bcdc-13d075d83a90.pdf
2025-10-09_dkt_Motion_Permission_to_File_Overlength_Motion_to_Appear_in_Civilian_Clothes_and_Without_Rest.pdf,162710,"Motion Permission to File Overlength Motion to Appear in Civilian Clothes and Without Restraints, 10-9-25<div class=""",https://andreaburkhart.substack.com/api/v1/file/8edc4b88-8a8f-4db1-97eb-89f3d689e142.pdf
2025-10-09_dkt_Order_Proposed_Temporary_Order_Allowing_Appearance_in_Civilian_Clothing_and_Without_Restra.pdf,141473,"Order (Proposed) Temporary Order Allowing Appearance in Civilian Clothing and Without Restraints, 10-9-25<div class=""",https://andreaburkhart.substack.com/api/v1/file/79fb3af6-01b3-45ff-ab0c-05f5aa152298.pdf
2025-10-09_dkt_Request_Notice_to_Submit_Motion_for_Permission_to_File_Overlength_Motion_to_Appear_in_Civi.pdf,142511,"Request/Notice to Submit Motion for Permission to File Overlength Motion to Appear in Civilian Clothes and Without Restraints, 10-9-25<div class=""",https://andreaburkhart.substack.com/api/v1/file/4bd7410f-fb0c-4448-91b5-562d58ea5007.pdf
2025-10-13_dkt_Appearance_of_Counsel_Notice_of_Limited_Appearance.pdf,132804,"Appearance of Counsel/Notice of Limited Appearance, 10-13-25<div class=""",https://andreaburkhart.substack.com/api/v1/file/cae71612-738b-421d-a495-a0dd0116a7a9.pdf
2025-10-13_dkt_Motion_for_Discovery_Protective_Order_Stipulated.pdf,182677,"Motion for Discovery Protective Order (Stipulated), 10-13-25<div class=""",https://andreaburkhart.substack.com/api/v1/file/081e0917-8dc6-48c6-be6c-90899a3d8f40.pdf
2025-10-14_dkt_Appearance_of_Counsel_Notice_of_Limited_Appearance_Richard_Novak.pdf,101589,"Appearance of Counsel/Notice of Limited Appearance (Richard Novak), 10-14-25<div class=""",https://andreaburkhart.substack.com/api/v1/file/8cfb324b-40ef-40d2-820d-ac2837cce2b8.pdf
2025-10-14_dkt_Interim_Order_Defendant_s_Motion_to_Appear_in_Civilian_Clothing_and_Without_Restraints_div.pdf,364821,"Interim Order Defendant’s Motion to Appear in Civilian Clothing and Without Restraints, 10-14-25<div class=""",https://andreaburkhart.substack.com/api/v1/file/53635f32-26c1-4f19-9428-3a99bd25ab85.pdf
2025-10-15_dkt_Discovery_Protective_Order.pdf,808643,"Discovery Protective Order, 10-15-25<div class=""",https://andreaburkhart.substack.com/api/v1/file/01038937-9c9a-48ff-bfca-45b11e9e5b2e.pdf
2025-10-20_dkt_Motion_to_Classify_as_Private_the_Response_to_Defendant_s_Motion_to_Appear_in_Civilian_Clo.pdf,104795,"Motion to Classify as Private the Response to Defendant’s Motion to Appear in Civilian Clothing, 10-20-25<div class=""",https://andreaburkhart.substack.com/api/v1/file/c81f5dca-05c1-4b9e-85c7-e49db8d41a98.pdf
2025-10-20_dkt_Order_Granting_Motion_to_Classify_as_Private_the_Response_to_Defendant_s_Motion_to_Appear_.pdf,754374,"Order Granting Motion to Classify as Private the Response to Defendant’s Motion to Appear in Civilian Clothing, 10-20-25<div class=""",https://andreaburkhart.substack.com/api/v1/file/cc24cde3-5dea-4fdb-8b05-9aedfaff8c11.pdf
2025-10-20_dkt_Order_Granting_Motion_to_Preserve_Evidence.pdf,763408,"Order Granting Motion to Preserve Evidence, 10-20-25<div class=""",https://andreaburkhart.substack.com/api/v1/file/c3b2f538-6a28-433f-b747-04c504a32023.pdf
2025-10-21_dkt_Motion_to_Strike_Response_to_Defendant_s_Motion_to_Appear_at_All_In_Person_Proceedings_in_.pdf,491744,"Motion to Strike Response to Defendant’s Motion to Appear at All In-Person Proceedings in Civilian Clothing and Without Restraints, 10-21-25<div class=""",https://andreaburkhart.substack.com/api/v1/file/e7480933-c3c2-4c50-86a7-8a02c7133da4.pdf
2025-10-21_dkt_Order_to_Transport.pdf,134170,"Order to Transport, 10-21-25<div class=""",https://andreaburkhart.substack.com/api/v1/file/2874439f-8452-4e7f-b066-a1e5291a1171.pdf
2025-10-22_dkt_Defendant_s_Opposition_to_the_State_of_Utah_s_Motion_under_Utah_Rule_of_Criminal_Procedure.pdf,246444,"Defendant’s Opposition to the State of Utah’s Motion under Utah Rule of Criminal Procedure 17.5, 10-22-25<div class=""",https://andreaburkhart.substack.com/api/v1/file/158b5980-30ba-47ab-8f2c-89b3503a082a.pdf
2025-10-22_dkt_Motion_to_Set_Aside_October_20_2025_Order_Granting_Motion_to_Preserve_Evidence.pdf,179766,"Motion to Set Aside October 20, 2025 Order Granting Motion to Preserve Evidence, 10-22-25<div class=""",https://andreaburkhart.substack.com/api/v1/file/d1c40a31-b5a5-407f-87ac-1688f8275f76.pdf
2025-10-22_dkt_Opposition_to_Motion_to_Strike_Response_to_Defendant_s_Motion_to_Appear_at_All_In_Person_P.pdf,194308,"Opposition to Motion to Strike Response to Defendant’s Motion to Appear at All In-Person Proceedings in Civilian Clothing and Without Restraints, 10-22-25<div class=""",https://andreaburkhart.substack.com/api/v1/file/4906e387-cf8b-49c1-8a8b-58276bc27942.pdf
2025-10-22_dkt_Reply_in_Support_of_Motion_re_Restraints_and_Civilian_Clothing.pdf,402999,"Reply in Support of Motion re Restraints and Civilian Clothing, 10-22-25<div class=""",https://andreaburkhart.substack.com/api/v1/file/d2b26b8a-79e9-4962-add7-363a6c9913af.pdf
2025-10-22_dkt_Response_to_Defendant_s_Motion_to_Preserve_Evidence.pdf,187822,"Response to Defendant’s Motion to Preserve Evidence, 10-22-25<div class=""",https://andreaburkhart.substack.com/api/v1/file/dd217f7b-963f-4bce-b506-39915bbabe45.pdf
2025-10-23_dkt_Reply_in_Support_of_Motion_to_Strike_Response_to_Defendant_s_Motion_to_Appear_at_all_In_Pe.pdf,400229,"Reply in Support of Motion to Strike Response to Defendant’s Motion to Appear at all In-Person Proceedings in Civilian Clothing and Without Restraints, 10-23-25<div class=""",https://andreaburkhart.substack.com/api/v1/file/c51f289e-1e2c-49cf-a520-016e74ad07aa.pdf
2025-10-23_dkt_Request_and_Order_for_Electronic_Media_Coverage_of_Court_Proceedings.pdf,125680,"Request and Order for Electronic Media Coverage of Court Proceedings, 10-23-25<div class=""",https://andreaburkhart.substack.com/api/v1/file/341731a2-07d4-4733-8fb0-ee6cd228ea68.pdf
2025-10-24_dkt_Updated_Request_and_Order_for_Electronic_Media_Coverage_of_Court_Proceedings.pdf,125680,"Updated Request and Order for Electronic Media Coverage of Court Proceedings<div class=""",https://andreaburkhart.substack.com/api/v1/file/3f61785d-901e-4ee5-abbe-ab833657644b.pdf
2025-10-27_dkt_Motion_to_Extend_Time_Stipulated.pdf,160002,"Motion to Extend Time, Stipulated, 10-27-25<div class=""",https://andreaburkhart.substack.com/api/v1/file/876c0c5d-f807-4a0d-a071-9c7579547ba2.pdf
2025-10-27_dkt_State_s_Notice_of_Open_File_Policy_and_Invitation_to_Inspect_Physical_Evidence.pdf,174959,"State’s Notice of Open File Policy and Invitation to Inspect Physical Evidence, 10-27-25<div class=""",https://andreaburkhart.substack.com/api/v1/file/c3071a53-c395-40d4-8907-9c36a754ab5f.pdf
2025-10-28_dkt_Order_Granting_Stipulated_Motion_to_Extend_Time.pdf,763515,"Order Granting Stipulated Motion to Extend Time, 10-28-25<div class=""",https://andreaburkhart.substack.com/api/v1/file/9fb6e672-5892-4eab-85f7-473fa0b7a5e2.pdf
2025-10-30_dkt_Request_for_Notice_of_Motions_to_Close_Judicial_Proceedings_and_Records.pdf,144379,"Request for Notice of Motions to Close Judicial Proceedings and Records, 10-30-25<div class=""",https://andreaburkhart.substack.com/api/v1/file/faf82281-31c5-4536-9d70-f1fae049a220.pdf
2025-10-30_dkt_Standing_Decorum_Order_Effective.pdf,3087935,"Standing Decorum Order, Effective 10-30-25<div class=""",https://andreaburkhart.substack.com/api/v1/file/305e9135-e121-4111-9eb6-cd3154fd1ab8.pdf
2025-11-03_dkt_Stipulated_Motion_Regarding_Order_to_Preserve_Evidence.pdf,187072,"Stipulated Motion Regarding Order to Preserve Evidence, 11-3-25<div class=""",https://andreaburkhart.substack.com/api/v1/file/04d404f9-7f96-430a-86c9-09622fd3064d.pdf
2025-11-03_dkt_Stipulation_Motion_to_Order_Transcript_and_Classify_Transcript_and_Audio_as_Private_div_cl.pdf,145559,"Stipulation Motion to Order Transcript and Classify Transcript and Audio as Private, 11-3-25<div class=""",https://andreaburkhart.substack.com/api/v1/file/e37688ed-8cfc-4d9d-83e4-7f7d6b2b16b6.pdf
2025-11-04_dkt_Stipulated_Order_1_Setting_aside_October_20_2025_Order_Granting_Motion_to_Preserve_Evidenc.pdf,760548,"Stipulated Order: (1) Setting aside October 20, 2025 Order Granting Motion to Preserve Evidence; and (2) Granting in Part Motion to Preserve Evidence, 11-4-25<div class=""",https://andreaburkhart.substack.com/api/v1/file/e0f27b7f-71b3-47f1-8a3a-ab9914ea4c7d.pdf
2025-11-05_dkt_Motion_for_Limited_Intervention_and_Request_for_Notice_of_Motions_to_Close_Seal_or_Reclass.pdf,268326,"Motion for Limited Intervention and Request for Notice of Motions to Close, Seal, or Reclassify, 11-5-25<div class=""",https://andreaburkhart.substack.com/api/v1/file/6394bb41-c683-4649-938b-b71b7c1e135d.pdf
2025-11-06_dkt_State_s_Motion_to_Amend_or_Clarify_Court_s_Pre_Trial_and_Trial_Publicity_Order_Dkt_23_div_.pdf,214446,"State’s Motion to Amend or Clarify Court’s Pre-Trial and Trial Publicity Order (Dkt. #23), 11-6-25<div class=""",https://andreaburkhart.substack.com/api/v1/file/8189bd29-a134-46e7-9985-659715c22cef.pdf
2025-11-10_dkt_Defendant_Tyler_James_Robinson_s_Response_to_Request_for_Notice_of_Motion_to_Close_Judicia.pdf,196997,"Defendant Tyler James Robinson s Response to Request for Notice of Motion to Close Judicial Proceedings and Records, 11-10-25<div class=""",https://andreaburkhart.substack.com/api/v1/file/8aa73f57-79a1-411d-8977-9323a17a0bed.pdf
2025-11-13_dkt_Media_s_Notice_of_Service_re_Motion_to_Classify_Transcript_and_Audio_Filed_November_3_2025.pdf,194298,"Media’s Notice of Service re Motion to Classify Transcript and Audio Filed November 3, 2025, 11-13-25<div class=""",https://andreaburkhart.substack.com/api/v1/file/6a7caa98-d97c-4db6-aaaf-ea91b4a8b2cb.pdf
2025-11-13_dkt_Order_Requiring_Parties_to_Serve_All_Closure_of_Reclassification_Motions_on_the_Media_div_.pdf,260997,"Order Requiring Parties to Serve All Closure of Reclassification Motions on the Media, 11-13-25<div class=""",https://andreaburkhart.substack.com/api/v1/file/cd6d864c-ac14-4a06-ab6b-94571ba8f823.pdf
2025-11-13_dkt_Order_for_Transcript_of_October_24_2025_Hearing.pdf,203084,"Order for Transcript of October 24, 2025 Hearing, 11-13-25 <div class=""",https://andreaburkhart.substack.com/api/v1/file/9e7215ff-98ec-4958-a5ce-a6e02fe690fd.pdf
2025-11-14_dkt_Approved_Request_and_Order_for_Electronic_Media_Coverage_of_Court_Proceedings.pdf,125729,"Approved Request and Order for Electronic Media Coverage of Court Proceedings, 11-14-25<div class=""",https://andreaburkhart.substack.com/api/v1/file/b2d2495e-5f44-4b4c-b2e2-8d3b2b61e786.pdf
2025-11-14_dkt_Not_Signed_Order_Proposed_Granting_Motion_to_Order_Transcript_and_Classify.pdf,64608,"Not Signed Order (Proposed) Granting Motion to Order Transcript and Classify, 11-14-25<div class=""",https://andreaburkhart.substack.com/api/v1/file/1baa2009-69b5-4c72-8509-60b97659fa37.pdf
2025-11-14_dkt_Request_and_Order_for_Electronic_Media_Coverage_of_Court_Proceedings.pdf,126285,"Request and Order for Electronic Media Coverage of Court Proceedings, 11-14-25<div class=""",https://andreaburkhart.substack.com/api/v1/file/f0b798d0-7cfc-427b-ac43-1d5a6afb6a89.pdf
2025-11-17_dkt_Previously_omitted_Letter_From_Supreme_Court_Of_Utah.pdf,121870,"(Previously omitted) Letter From Supreme Court Of Utah, 11-17-25<div class=""",https://andreaburkhart.substack.com/api/v1/file/e7bd7842-8138-4273-bcad-be29afa0370d.pdf
2025-11-19_dkt_Defendant_Tyler_James_Robinson_s_Response_to_Proposed_Media_Intervenors_Motion_for_Limited.pdf,196466,"Defendant Tyler James Robinson’s Response to Proposed Media Intervenors Motion for Limited Intervention and Request for Notice of Motions to Close, Seal, or Reclassify, 11-19-25<div class=""",https://andreaburkhart.substack.com/api/v1/file/9119f8b7-99de-4ca3-acbc-5379ed75affe.pdf
2025-11-19_dkt_State_s_Response_to_Motion_for_Limited_Intervention_and_Request_for_Notice_of_Motions_to_C.pdf,199613,"State’s Response to Motion for Limited Intervention and Request for Notice of Motions to Close, Seal, or Reclassify, 11-19-25<div class=""",https://andreaburkhart.substack.com/api/v1/file/4c1f4a1f-a77a-4deb-8e4c-5f92a3a3f48e.pdf
2025-11-20_dkt_Notice_for_Case_251403576.pdf,21640,"Notice for Case 251403576, 11-20-25<div class=""",https://andreaburkhart.substack.com/api/v1/file/395e8c78-185e-4e82-a706-727b27e9d0d8.pdf
2025-11-20_dkt_Objection_to_State_s_Motion_to_Amend_or_Clarify_Court_s_Pre_Trial_and_Trial_Publicity_Orde.pdf,211672,"Objection to State’s Motion to Amend or Clarify Court’s Pre-Trial and Trial Publicity Order, 11-20-25<div class=""",https://andreaburkhart.substack.com/api/v1/file/44c5e7eb-398e-440a-adea-61c6c1fb748a.pdf
2025-11-21_dkt_Order_to_Transport.pdf,134934,"Order to Transport, 11-21-25<div class=""",https://andreaburkhart.substack.com/api/v1/file/81a49c78-ef38-4e56-be76-42cc597612c2.pdf
2025-11-21_dkt_Request_and_Order_for_Electronic_Media_Coverage_of_Court_Proceedings_01.pdf,111723,"Request and Order for Electronic Media Coverage of Court Proceedings, 11-21-25<div class=""",https://andreaburkhart.substack.com/api/v1/file/37465370-77b3-439f-bf91-e81f7fcc7df3.pdf
2025-11-21_dkt_Request_and_Order_for_Electronic_Media_Coverage_of_Court_Proceedings_02.pdf,126647,"Request and Order for Electronic Media Coverage of Court Proceedings, 11-21-25<div class=""",https://andreaburkhart.substack.com/api/v1/file/e2721a6c-2610-4e95-89ee-79b769a309a7.pdf
2025-11-24_dkt_Motion_for_Limited_Intervention.pdf,194358,"Motion for Limited Intervention, 11-24-25<div class=""",https://andreaburkhart.substack.com/api/v1/file/9479186a-47db-4d10-b135-a4e9dd1d3192.pdf
2025-11-26_dkt_Reply_in_Support_of_Motion_for_Limited_Intervention_Proposed_Media_Intervenors.pdf,226712,"Reply in Support of Motion for Limited Intervention (Proposed Media Intervenors), 11-26-25<div class=""",https://andreaburkhart.substack.com/api/v1/file/59f92197-6e7a-446d-ae98-8432b19b2b9f.pdf
2025-11-28_dkt_Reply_Supporting_State_s_Motion_to_Amend_or_Clarify_Court_s_Pre_Trial_and_Trial_Publicity_.pdf,216048,"Reply Supporting State’s Motion to Amend or Clarify Court’s Pre-Trial and Trial Publicity Order (Dkt. #23), 11-28-25<div class=""",https://andreaburkhart.substack.com/api/v1/file/0772be98-2e34-49ac-b054-45ddd0b69713.pdf
2025-12-04_dkt_Joint_Status_Report_of_the_Parties_Concerning_the_Redaction_of_Portions_of_the_Transcript_.pdf,207579,"Joint Status Report of the Parties Concerning the Redaction of Portions of the Transcript of the October 24, 2025 Sealed Hearing, 12-4-25<div class=""",https://andreaburkhart.substack.com/api/v1/file/2035a328-d74d-44cc-98c3-5e165253d8a1.pdf
2025-12-05_dkt_UOVC_Restitution_Notice_Claim_1113665.pdf,50913,"UOVC Restitution Notice Claim #1113665, 12-5-25<div class=""",https://andreaburkhart.substack.com/api/v1/file/2617e2f3-c35a-4c15-ba05-4c61b475922a.pdf
2025-12-08_dkt_Defendant_Tyler_James_Robinson_s_Response_to_the_Motion_for_Limited_Intervention_of_Desere.pdf,228986,"Defendant Tyler James Robinson’s Response to the Motion for Limited Intervention of Deseret News, et al. (Dkt 197), 12-8-25<div class=""",https://andreaburkhart.substack.com/api/v1/file/d32b098a-eedf-4acd-9ecf-0d1741400180.pdf
2025-12-08_dkt_Media_Intervenors_Memorandum_Opposing_Stipulated_Motion_to_Classify_as_Private_the_Transcr.pdf,292142,"Media Intervenors Memorandum Opposing Stipulated Motion to Classify as Private the Transcript and Audio of October 24, 2025 Hearing, 12-8-25<div class=""",https://andreaburkhart.substack.com/api/v1/file/8f6eac89-c654-43d6-89da-3ca86d390941.pdf
2025-12-08_dkt_Request_and_Order_for_Electronic_Media_Coverage_of_Court_Proceedings_01.pdf,130680,"Request and Order for Electronic Media Coverage of Court Proceedings, 12-8-25<div class=""",https://andreaburkhart.substack.com/api/v1/file/b76d3bbe-f81b-455f-a678-1d5c77515f7a.pdf
2025-12-08_dkt_Request_and_Order_for_Electronic_Media_Coverage_of_Court_Proceedings_02.pdf,343181,"Request and Order for Electronic Media Coverage of Court Proceedings, 12-8-25<div class=""",https://andreaburkhart.substack.com/api/v1/file/fb1011e5-3415-4a54-9fc3-a3a570490bc4.pdf
2025-12-09_dkt_Defendant_Tyler_James_Robinson_s_Reply_to_Media_s_Memorandum_Opposing_Stipulated_Motion_to.pdf,220652,"Defendant Tyler James Robinson’s Reply to Media’s Memorandum Opposing Stipulated Motion to Classify as Private the Transcript and Audio of October 24, 2025, 12-9-25<div class=""",https://andreaburkhart.substack.com/api/v1/file/6c3d8e5c-cd44-46f6-b376-7344574b1ff9.pdf
2025-12-15_dkt_Ruling_and_Order_Granting_State_s_Motion_to_Clarify_Court_s_Pretrial_and_Trial_Publicity_O.pdf,224869,"Ruling and Order Granting State’s Motion to Clarify Court’s Pretrial and Trial Publicity Order, 12-15-25<div class=""",https://andreaburkhart.substack.com/api/v1/file/fc16c126-5152-47c2-b0c9-ef1670c9994d.pdf
2025-12-17_dkt_Motion_to_Order_Transcript_and_Temporarily_Classify_Transcript_and_Audio_as_Private_div_cl.pdf,182433,"Motion to Order Transcript and Temporarily Classify Transcript and Audio as Private, 12-17-25<div class=""",https://andreaburkhart.substack.com/api/v1/file/b81d5e41-98c2-43ed-9577-5ba267c38c97.pdf
2025-12-17_dkt_Public_Version_Motion_to_Disqualify.pdf,2739676,"(Public Version) Motion to Disqualify, 12-17-25<div class=""",https://andreaburkhart.substack.com/api/v1/file/da482a5c-24b4-47e2-9faa-98ffd2e82098.pdf
2025-12-23_dkt_Request_and_Order_for_Electronic_Media_Coverage_of_Court_Proceedings.pdf,125935,"Request and Order for Electronic Media Coverage of Court Proceedings, 12-23-25<div class=""",https://andreaburkhart.substack.com/api/v1/file/3f25a9a6-ea7f-4ddd-aff3-b25f2f276ee6.pdf
2025-12-24_dkt_REVIEW_ORAL_ARGUMENT.pdf,729420,"REVIEW/ORAL ARGUMENT, 12-24-25<div class=""",https://andreaburkhart.substack.com/api/v1/file/1a0f2948-be7f-476e-833b-f7b6b525f643.pdf
2025-12-29_dkt_Order_Denying_the_Media_s_Request_to_Intervene_and_Standing_Order_for_Rule_4_202_04_Notice.pdf,238156,"Order Denying the Media’s Request to Intervene, and Standing Order for Rule 4-202.04 Notice of Motions for Classification, 12-29-25<div class=""",https://andreaburkhart.substack.com/api/v1/file/07006b0e-93fc-447f-93a7-f9dd52396e68.pdf
2025-12-29_dkt_Ruling_and_Order_re_Stipulated_Motion_to_Classify_Transcript_and_Audio_as_Private_div_clas.pdf,415727,"Ruling and Order re Stipulated Motion to Classify Transcript and Audio as Private, 12-29-25<div class=""",https://andreaburkhart.substack.com/api/v1/file/6ffe6f26-085b-400a-92f1-f10ad6100f98.pdf
2025-12-29_dkt_Transcript_of_October_24_2025_Hearing_Redacted_Transcript.pdf,1060521,"Transcript of October 24, 2025 Hearing (Redacted Transcript), 12-29-25<div class=""",https://andreaburkhart.substack.com/api/v1/file/fb25b527-dd12-4b5b-9194-33ee893ef346.pdf
2026-01-02_dkt_Previously_omitted_from_docket_Appellate_Court_Document_Order.pdf,55850,"(Previously omitted from docket) Appellate Court Document (Order), 1-2-26<div class=""",https://andreaburkhart.substack.com/api/v1/file/e1561109-a74b-4ab8-b52f-909b93c338b4.pdf
2026-01-05_dkt.pdf,41741,"<div class=""",https://andreaburkhart.substack.com/api/v1/file/aad806d3-c6f2-4d04-bbc0-540353624552.pdf
2026-01-09_dkt_Previously_filed_as_private_Defendant_Motion_Filed_Jan_9_2026_wExhibits.pdf,1369739,"(Previously filed as private) Defendant Motion Filed Jan 9, 2026 wExhibits, 1-9-26 <div class=""",https://andreaburkhart.substack.com/api/v1/file/32f5d075-32a0-49c7-b5a8-aff3a440e6b9.pdf
2026-01-10_dkt_Opposition_to_Defendant_s_Motion_to_Disqualify_the_Utah_County_Attorney_s_Office.pdf,4501329,"Opposition to Defendant’s Motion to Disqualify the Utah County Attorney’s Office, 1-10-26<div class=""",https://andreaburkhart.substack.com/api/v1/file/68d7b85b-b45e-4374-9d51-fb7fa5cbc9c1.pdf
2026-01-12_dkt_Partial_Reply_to_Opposition_to_Motion_to_Disqualify_Public.pdf,170617,"Partial Reply to Opposition to Motion to Disqualify (Public), 1-12-26<div class=""",https://andreaburkhart.substack.com/api/v1/file/fcbf1865-ca6a-4aaa-af0f-eca11cedcb16.pdf
2026-01-12_dkt_Subpoena_for_Sgt_David_Hull.pdf,177769,"Subpoena for Sgt. David Hull, 1-12-26 <div class=""",https://andreaburkhart.substack.com/api/v1/file/d87741ae-8f5c-458a-b9ed-3582d6796ff4.pdf
2026-01-15_dkt_News_Media_s_Memorandum_Opposing_Motion_to_Classify_Defendant_s_Motion_filed_January_9_202.pdf,174069,"News Media’s Memorandum Opposing Motion to Classify Defendant’s Motion filed January 9, 2026, 1-15-26<div class=""",https://andreaburkhart.substack.com/api/v1/file/76684818-d964-4ff5-97da-aa2eb0b9f6bf.pdf
2026-01-16_dkt_Motion_to_Classify_Motion_to_Exclude.pdf,161100,"Motion to Classify (Motion to Exclude), 1-16-26<div class=""",https://andreaburkhart.substack.com/api/v1/file/28293317-8c84-4aac-aa7c-664037308841.pdf
2026-01-16_dkt_Victim_Representative_s_Invocation_of_the_Speedy_Trial_Act.pdf,106982,"Victim Representative’s Invocation of the Speedy Trial Act, 1-16-26<div class=""",https://andreaburkhart.substack.com/api/v1/file/4bc4e246-f20c-4b75-be20-874a7022aa0b.pdf
2026-01-22_dkt_Reply_in_Support_of_Motion_to_Classify_as_Private_Jan_9.pdf,201657,"Reply in Support of Motion to Classify as Private - Jan 9, 1-22-26<div class=""",https://andreaburkhart.substack.com/api/v1/file/10dc3c82-9476-44ed-8763-abbca2a4c535.pdf
2026-01-22_dkt_Request_and_Order_for_Electronic_Media_Coverage_of_Court_Proceedings.pdf,124634,"Request and Order for Electronic Media Coverage of Court Proceedings, 1-22-26<div class=""",https://andreaburkhart.substack.com/api/v1/file/b374e5a6-c74c-47a0-8197-e7df8e199e38.pdf
2026-01-23_dkt_New_Media_s_Motion_to_Amend_Standing_Order_for_Rule_4_202_04_Notice_of_Motions_for_Classif.pdf,250008,"New Media’s Motion to Amend Standing Order for Rule 4-202.04 Notice of Motions for Classification, 1-23-26<div class=""",https://andreaburkhart.substack.com/api/v1/file/88c338f3-3016-482b-9f6a-0ac76fe934b3.pdf
2026-01-23_dkt_News_Media_s_Memorandum_Opposing_Motion_to_Classify_re_Motion_to_Exclude_Cameras_Filed_Jan.pdf,195473,"News Media’s Memorandum Opposing Motion to Classify re: Motion to Exclude Cameras (Filed January 16, 2026), 1-23-26<div class=""",https://andreaburkhart.substack.com/api/v1/file/ab312dd5-200e-44b5-8004-7c12d11b7f2e.pdf
2026-01-27_dkt_Defendant_Tyler_James_Robinson_s_Notice_of_Objection_to_the_State_of_Utah_s_Proposed_Exhib.pdf,182000,"Defendant Tyler James Robinson’s Notice of Objection to the State of Utah’s Proposed Exhibit 4.1; Memorandum of Points and Authorities, 1-27-26<div class=""",https://andreaburkhart.substack.com/api/v1/file/a6064f13-11e1-40d9-8a74-e875c2acc955.pdf
2026-01-28_dkt_Request_and_Order_for_Electronic_Media_Coverage_and_Court_Proceedings.pdf,129219,"Request and Order for Electronic Media Coverage and Court Proceedings, 1-28-26<div class=""",https://andreaburkhart.substack.com/api/v1/file/3774401d-b31c-492c-8764-d4a4146a52a2.pdf
2026-01-29_dkt_Memorandum_in_Response_to_Defendant_s_Objection_to_Exhibit_4_1.pdf,190903,"Memorandum in Response to Defendant’s Objection to Exhibit 4.1, 1-29-26<div class=""",https://andreaburkhart.substack.com/api/v1/file/1c9f8c95-2457-4b02-855d-6ed13e10ed40.pdf
2026-01-29_dkt_News_Media_s_Motion_for_Attorneys_Eyes_Only_Access_to_Closure_Motions.pdf,197016,"News Media’s Motion for Attorneys Eyes Only Access to Closure Motions, 1-29-26<div class=""",https://andreaburkhart.substack.com/api/v1/file/62941687-b4aa-4fba-8367-86286211a32b.pdf
2026-01-29_dkt_News_Media_s_Sur_Reply_Opposing_Motion_to_Classify_Defendant_s_Motion_Filed_January_9_2026.pdf,214112,"News Media’s Sur-Reply Opposing Motion to Classify Defendant’s Motion Filed January 9, 2026, 1-29-26<div class=""",https://andreaburkhart.substack.com/api/v1/file/d390922b-2497-4f5c-b91c-7207854e2996.pdf
2026-01-29_dkt_State_s_Opposition_to_Motion_to_Classify_Defendant_s_Motion_Filed_January_9_2026_as_Privat.pdf,167982,"State’s Opposition to Motion to Classify Defendant’s Motion Filed January 9, 2026 as Private, 1-29-26 <div class=""",https://andreaburkhart.substack.com/api/v1/file/ae1e9158-e763-4b70-86c1-fa1c342cca6b.pdf
2026-01-30_dkt_Attachment_A.pdf,895539,"Attachment A, 1-30-26<div class=""",https://andreaburkhart.substack.com/api/v1/file/4f8c1f2a-b3ac-4b45-a105-5b3dd5d64afa.pdf
2026-01-30_dkt_Attachment_B.pdf,1099417,"Attachment B, 1-30-26<div class=""",https://andreaburkhart.substack.com/api/v1/file/8e8a4d54-873e-45c4-a042-6b468fa293ba.pdf
2026-01-30_dkt_Attachment_C.pdf,1279270,"Attachment C, 1-30-26<div class=""",https://andreaburkhart.substack.com/api/v1/file/3861f773-b15e-4c78-b0cf-e715c45d1f43.pdf
2026-01-30_dkt_Attachment_D.pdf,1740823,"Attachment D, 1-30-26<div class=""",https://andreaburkhart.substack.com/api/v1/file/1751f102-7898-4fe3-959c-825b31ef0b16.pdf
2026-01-30_dkt_Attachment_E.pdf,1026674,"Attachment E, 1-30-26<div class=""",https://andreaburkhart.substack.com/api/v1/file/057ecd8c-a30c-4440-86cd-02463fb10835.pdf
2026-01-30_dkt_Attachment_F.pdf,2088562,"Attachment F, 1-30-26<div class=""",https://andreaburkhart.substack.com/api/v1/file/05c9d977-32a9-46b5-87b0-ac0f4b184c10.pdf
2026-01-30_dkt_Attachment_G.pdf,4695642,"Attachment G, 1-30-26<div class=""",https://andreaburkhart.substack.com/api/v1/file/e724be25-6360-4cfa-88ea-16013589a1ba.pdf
2026-01-30_dkt_Attachment_H.pdf,5621812,"Attachment H, 1-30-26<div class=""",https://andreaburkhart.substack.com/api/v1/file/b07e1145-662a-46fa-88aa-2d21eb8d32c0.pdf
2026-01-30_dkt_Attachment_H_Not_a_duplicate_the_item_is_misnumbered.pdf,3872012,"Attachment H, 1-30-26 (*Not a duplicate, the item is misnumbered*)<div class=""",https://andreaburkhart.substack.com/api/v1/file/6661f07e-e6fb-4ef1-999b-32184875ae6c.pdf
2026-01-30_dkt_Defendant_Tyler_Robinson_s_Renewed_Request_that_this_Court_Refer_the_Motion_to_Disqualify_.pdf,223716,"Defendant Tyler Robinson’s Renewed Request that this Court Refer the Motion to Disqualify to the Utah Attorney General Pursuant to Utah Code 17-68-304; Memorandum of Points and Authorities, 1-30-26<div class=""",https://andreaburkhart.substack.com/api/v1/file/ec2b265d-63ce-43d6-a92f-197dc19ae626.pdf
2026-01-30_dkt_Defendant_s_Reply_in_Support_of_Motion_to_Classify_Motion_to_Exclude.pdf,204323,"Defendant’s Reply in Support of Motion to Classify Motion to Exclude, 1-30-26<div class=""",https://andreaburkhart.substack.com/api/v1/file/0ec57362-51b4-4e17-b236-88b3d10b2529.pdf
2026-01-30_dkt_Opposition_to_Motion_to_Exclude_Cameras_Provisional_Opposition_Filed_by_the_News_Media_div.pdf,301162,"Opposition to Motion to Exclude Cameras (Provisional Opposition Filed by the News Media), 1-30-26<div class=""",https://andreaburkhart.substack.com/api/v1/file/ccd4dc83-c116-4aaa-8b8a-faacd97c6ef3.pdf
2026-01-30_dkt_State_s_Memorandum_Opposing_Defendant_s_Motion_to_Exclude_Still_Photographers_TV_Cameras_a.pdf,342993,"State’s Memorandum Opposing Defendant’s Motion to Exclude Still Photographers, TV Cameras and Microphones from the Courtroom, 1-30-26<div class=""",https://andreaburkhart.substack.com/api/v1/file/d9e1bdaa-a4b4-4c08-80c9-4a0b6ab422fe.pdf
2026-01-30_dkt_State_s_Opposition_to_Defendants_Motion_to_Classify_Motion_to_Exclude_Still_Photographers_.pdf,153528,"State’s Opposition to Defendants Motion to Classify Motion to Exclude Still Photographers, TV Cameras and Microphones from the Courtroom as Private, 1-30-26 <div class=""",https://andreaburkhart.substack.com/api/v1/file/944dab81-b617-40f4-8f28-48b8818da35e.pdf
2026-02-02_dkt_Notice_Concerning_Media_Access.pdf,107037,"Notice Concerning Media Access, 2-2-26<div class=""",https://andreaburkhart.substack.com/api/v1/file/5f56b82f-aa8c-4045-9a16-38ad887c4c4a.pdf
2026-02-02_dkt_Proffer_of_Facts_re_Closure_of_Portions_of_Evidentiary_Hearing_on_Motion_to_Disqualify_UCA.pdf,180354,"Proffer of Facts re Closure of Portions of Evidentiary Hearing on Motion to Disqualify UCAO, 2-2-26<div class=""",https://andreaburkhart.substack.com/api/v1/file/b16f249c-7d31-461c-a3ca-ad812badf47b.pdf
2026-02-02_dkt_State_s_Opposition_to_Defendant_s_Renewed_Request_to_Refer_the_Motion_to_Disqualify_to_the.pdf,233190,"State’s Opposition to Defendant’s Renewed Request to Refer the Motion to Disqualify to the Utah Attorney General, 2-2-26<div class=""",https://andreaburkhart.substack.com/api/v1/file/be4f17cb-1acd-4e53-996f-93bf8e392046.pdf
2026-02-03_dkt_Order_for_Transport.pdf,134858,"Order for Transport, 2-3-26<div class=""",https://andreaburkhart.substack.com/api/v1/file/ccd8bd8d-f6f9-41ba-a785-84829d2a2393.pdf
2026-02-04_dkt_Defendant_s_Response_to_News_Media_s_Motion_to_Amend_Standing_Order_for_Rule_4_202_04_Noti.pdf,153801,"Defendant’s Response to News Media’s Motion to Amend Standing Order for Rule 4-202.04 Notice of Motions for Classification, 2-4-26<div class=""",https://andreaburkhart.substack.com/api/v1/file/ab22db3f-f62d-43fd-bf85-7e0436eabeb8.pdf
2026-02-05_dkt_Defendant_s_Reply_to_State_s_Opposition_to_Motion_to_Classify_Defendant_s_Motion_Filed_Jan.pdf,157525,"Defendant’s Reply to State’s Opposition to Motion to Classify Defendant’s Motion Filed Jan 9, 2026 as Private, 2-5-26<div class=""",https://andreaburkhart.substack.com/api/v1/file/f0671aeb-00df-4c18-b263-05f45bc33599.pdf
2026-02-05_dkt_State_s_Response_to_News_Media_s_Motion_to_Amend_Standing_Order_for_Rule_4_202_04_Motions_.pdf,120849,"State’s Response to News Media’s Motion to Amend Standing Order for Rule 4-202.04 Motions for Classification, 2-5-26<div class=""",https://andreaburkhart.substack.com/api/v1/file/1fea5c3c-9ed6-43fb-b179-5b196740591d.pdf
2026-02-06_dkt_Memorandum_State_s_Response_to_News_Media_s_Motion_for_Attorney_s_Eyes_Only_Access_to_Clos.pdf,164059,"Memorandum State’s Response to News Media’s Motion for Attorney’s Eyes Only Access to Closure Motions, 2-6-26<div class=""",https://andreaburkhart.substack.com/api/v1/file/6f183768-3636-492b-9732-d675fd399542.pdf
2026-02-06_dkt_Reply_to_State_s_Opposition_to_Motion_to_Classify_Motion_to_Exclude_Cameras.pdf,175790,"Reply to State’s Opposition to Motion to Classify Motion to Exclude Cameras, 2-6-26<div class=""",https://andreaburkhart.substack.com/api/v1/file/bdc3d47d-c108-4dde-baa8-089f8de0f747.pdf
2026-02-12_dkt_Opposition_to_Defendant_Tyler_James_Robinson_s_Memorandum_in_Opposition_to_News_Media_s_Mo.pdf,174981,"Opposition to Defendant Tyler James Robinson s Memorandum in Opposition to News Media s Motion for Attorneys Eyes Only Access to Closure Motions, 2-12-26<div class=""",https://andreaburkhart.substack.com/api/v1/file/a5798218-ceed-4e59-88f4-91d934a7be23.pdf
2026-02-23_dkt_Exhibit_List_In_Person_Oral_Argument.pdf,19872,"Exhibit List - In Person Oral Argument, 2-23-26<div class=""",https://andreaburkhart.substack.com/api/v1/file/61123e99-45df-4864-8da8-43052de135e6.pdf
2026-02-23_dkt_Oral_Argument_Evidentiary_Hearing.pdf,729376,"Oral Argument / Evidentiary Hearing, 2-23-26<div class=""",https://andreaburkhart.substack.com/api/v1/file/c63cfbe8-d75a-4039-8a33-1394254f5963.pdf
2026-02-23_dkt_Order_on_February_3_2026_Hearing_Transcript.pdf,203750,"Order on February 3, 2026 Hearing Transcript, 2-23-26<div class=""",https://andreaburkhart.substack.com/api/v1/file/32c06a8c-15f9-4ed8-a841-636df8a3c87c.pdf
2026-02-23_dkt_Order_to_Appear_for_Hearing.pdf,130696,"Order to Appear for Hearing, 2-23-26<div class=""",https://andreaburkhart.substack.com/api/v1/file/9351ae05-a0af-450c-8b7d-a17c72237960.pdf
2026-02-23_dkt_Rulings_and_Orders_Granting_News_Media_s_Motion_to_Amend_Standing_Order_for_Rule_4_202_04_.pdf,251270,"Rulings and Orders Granting News Media’s Motion to Amend Standing Order for Rule 4-202.04 Notice of Motions for Classification; Granting News Media’s Motion for Attorneys Eyes Only Access to Closure Motions; and Amended Standing Order, 2-23-26<div class=""",https://andreaburkhart.substack.com/api/v1/file/36ca3e73-f1ca-4100-9fd8-c4b814ddbe71.pdf
2026-02-23_dkt_Standing_Decorum_Order_Effective_February_24_2026.pdf,429857,"Standing Decorum Order, Effective February 24, 2026, 2-23-26<div class=""",https://andreaburkhart.substack.com/api/v1/file/e0ccb441-480f-49ab-8eb7-169236c7dd9a.pdf
2026-02-23_dkt_Standing_Order_on_Redacting_and_Filing_Transcripts.pdf,209310,"Standing Order on Redacting and Filing Transcripts, 2-23-26<div class=""",https://andreaburkhart.substack.com/api/v1/file/ba670989-d96c-400a-93c1-2b4fa90beeb5.pdf
2026-02-24_dkt_Ruling_and_Order_Denying_Defendant_s_Motion_to_Disqualify_Utah_County_Attorney_s_Office_di.pdf,463132,"Ruling and Order Denying Defendant’s Motion to Disqualify Utah County Attorney’s Office, 2-24-26<div class=""",https://andreaburkhart.substack.com/api/v1/file/1aaa9b97-b203-47f7-9033-71228f43ed5f.pdf
2026-02-25_dkt_Request_for_Copy_of_Audio_Records.pdf,964272,"Request for Copy of Audio Records, 2-25-26<div class=""",https://andreaburkhart.substack.com/api/v1/file/9c7f0e1b-ed43-4703-b17a-7ec81d6a1ffb.pdf
2026-02-26_dkt_Defendant_Tyler_James_Robinson_s_Motion_to_Close_Portions_of_the_April_17_2026_Evidentiary.pdf,170991,"Defendant Tyler James Robinson s Motion to Close Portions of the April 17, 2026 Evidentiary Hearing, 2-26-26<div class=""",https://andreaburkhart.substack.com/api/v1/file/c2978d77-8ba4-4251-953c-3ab81eae445b.pdf
2026-03-06_dkt_News_Media_Memorandum_Opposing_Motion_to_Classify_Reply_in_Support_of_Motion_to_Exclude_Ca.pdf,169934,"News Media Memorandum Opposing Motion to Classify Reply in Support of Motion to Exclude Cameras, 3-6-26<div class=""",https://andreaburkhart.substack.com/api/v1/file/068c3b71-4343-4a4b-afce-559562ab244e.pdf
2026-03-06_dkt_State_s_Opposition_to_Defendant_s_Motion_to_Classify_Reply_in_Support_of_Motion_to_Exclude.pdf,188225,"State’s Opposition to Defendant s Motion to Classify Reply in Support of Motion to Exclude Still Photographers, TV Cameras and Microphones from the Courtroom as Private, 3-6-26<div class=""",https://andreaburkhart.substack.com/api/v1/file/b1fc36a6-65cf-4209-b67a-4c87fdcba738.pdf
2026-03-10_dkt_News_Media_Motion_to_Classify_Supplemental_Memorandum_Opposing_Motion_to_Classify_Defendan.pdf,161104,"News Media Motion to Classify Supplemental Memorandum Opposing Motion to Classify Defendants Motion Filed January 9, 2026, 3-10-26<div class=""",https://andreaburkhart.substack.com/api/v1/file/b06e3ddd-be8c-4163-aaed-0fb3cd746c44.pdf
2026-03-10_dkt_News_Media_Supplemental_Opposition_to_Motion_to_Exclude_Cameras.pdf,2348025,"News Media Supplemental Opposition to Motion to Exclude Cameras, 3-10-26<div class=""",https://andreaburkhart.substack.com/api/v1/file/539e8032-c1b6-4852-8043-ecfdbadef775.pdf
2026-03-10_dkt_Previously_omitted_New_Media_s_Supplemental_Memorandum_Opposing_Motion_To_Classify_Defenda.pdf,161896,"(Previously omitted) New Media's Supplemental Memorandum Opposing Motion To Classify Defendant's Motion Filed January 9, 2026, 3-10-26<div class=""",https://andreaburkhart.substack.com/api/v1/file/e95c0d04-ce2d-4d86-be4f-7dabb5353be0.pdf
2026-03-10_dkt_Request_and_Order_for_Electronic_Media_Coverage_of_Court_Proceedings.pdf,158375,"Request and Order for Electronic Media Coverage of Court Proceedings, 3-10-26<div class=""",https://andreaburkhart.substack.com/api/v1/file/b8a890d8-2246-4d17-bc63-bf34f9cd9daf.pdf
2026-03-11_dkt_Request_and_Order_for_Electronic_Media_Coverage_of_Court_Proceedings.pdf,50865,"Request and Order for Electronic Media Coverage of Court Proceedings, 3-11-26<div class=""",https://andreaburkhart.substack.com/api/v1/file/3ea0db71-7cf5-44f8-aee9-9b23c497e434.pdf
2026-03-11_dkt_State_s_Response_to_Defendant_s_Motion_to_Close_Portions_of_the_April_17_2026_Evidentiary_.pdf,384995,"State’s Response to Defendant s Motion to Close Portions of the April 17, 2026 Evidentiary Hearing, 3-11-26 <div class=""",https://andreaburkhart.substack.com/api/v1/file/b034227f-cb3a-4e3e-88f5-a4344b780e6d.pdf
2026-03-11_dkt_UOVC_Restitution_Notice_Claim_1113572.pdf,50865,"UOVC Restitution Notice Claim#1113572, 3-11-26<div class=""",https://andreaburkhart.substack.com/api/v1/file/a8244e4b-1642-4be9-a392-1fb8cdc69e14.pdf
2026-03-14_dkt_Return_of_Electronic_Notification.pdf,343234,"Return of Electronic Notification, 3-14-26 (Not obtained)<div class=""",https://andreaburkhart.substack.com/api/v1/file/d01b3eb7-132a-45dd-b29e-e31e3a31a537.pdf
2026-03-18_dkt_Notice_of_Expert_Dr_Ruva.pdf,174879,"Notice of Expert (Dr. Ruva), 3-18-26<div class=""",https://andreaburkhart.substack.com/api/v1/file/0def5484-b2a1-42c3-a23a-3d73c9b748fd.pdf
2026-03-27_dkt_Defendant_Tyler_James_Robinson_s_Motion_to_Vacate_or_Continue_Preliminary_Hearing_with_Add.pdf,1551455,"Defendant Tyler James Robinson’s Motion to Vacate or Continue Preliminary Hearing with Addenda, 3-27-26<div class=""",https://andreaburkhart.substack.com/api/v1/file/068f64e9-aae3-4e36-a358-9e542302e47d.pdf
2026-03-30_dkt_Redacted_Motion_to_Exclude_Still_Photographers_TV_Cameras_and_Microphones_from_the_Courtro.pdf,3919082,"(Redacted) Motion to Exclude Still Photographers, TV Cameras and Microphones from the Courtroom, 3-30-26<div class=""",https://andreaburkhart.substack.com/api/v1/file/f43b97a3-1b00-4aac-bc1b-f6a377d72dc2.pdf
2026-03-31_dkt_Return_of_Electronic_Notification.pdf,170244,"Return of Electronic Notification, 3-31-26 (Not obtained)<div class=""",https://andreaburkhart.substack.com/api/v1/file/68bca24b-3edf-4b5b-8405-d8f0110e425e.pdf
2026-04-03_dkt_Memorandum_in_Opposition_to_Defendant_s_Motion_to_Vacate_the_May_18_Preliminary_Hearing_dc.pdf,280950,"Memorandum in Opposition to Defendant’s Motion to Vacate the May 18 Preliminary Hearing (dckt 466), 4-3-26<div class=""",https://andreaburkhart.substack.com/api/v1/file/b5a56212-4efc-416e-9e6e-ff3585bb3912.pdf
2026-04-03_dkt_Request_for_Discovery_Defendant_Tyler_James_Robinson_s_Supplemental_Request_for_Discovery_.pdf,174911,"Request for Discovery Defendant Tyler James Robinson s Supplemental Request for Discovery, 4-3-26<div class=""",https://andreaburkhart.substack.com/api/v1/file/e31bfd92-5c97-4c40-9a11-0ea7718403f4.pdf
2026-04-06_dkt_Amended_Notice_of_Exert_Dr_Ruva.pdf,175412,"Amended Notice of Exert (Dr. Ruva), 4-6-26<div class=""",https://andreaburkhart.substack.com/api/v1/file/ca2a36e6-8309-4091-89fe-94a8caf3cb95.pdf
2026-04-06_dkt_Notice_of_Expert_Dr_Edelman.pdf,207138,"Notice of Expert (Dr. Edelman), 4-6-26<div class=""",https://andreaburkhart.substack.com/api/v1/file/222013c8-a034-40a6-89eb-e8ff768a6d66.pdf
2026-04-08_dkt_Motion_and_Consent_of_Sponsoring_Local_Counsel_for_Pro_Hac_Vice_Admission_of_Jeffrey_A_Nei.pdf,817174,"Motion and Consent of Sponsoring Local Counsel for Pro Hac Vice Admission of Jeffrey A. Neiman, 4-8-26<div class=""",https://andreaburkhart.substack.com/api/v1/file/d1c10d14-36f0-4452-bc1e-056525cf5f47.pdf
2026-04-08_dkt_Notice_of_Appearance_as_Counsel_of_Record.pdf,289983,"Notice of Appearance as Counsel of Record, 4-8-26<div class=""",https://andreaburkhart.substack.com/api/v1/file/27e51a7e-f5ad-40e5-b250-4adb0a1787fa.pdf
2026-04-10_dkt_Defendant_Tyler_James_Robinson_s_Reply_in_Support_of_Motion_to_Vacate_or_Continue_Prelimin.pdf,266457,"Defendant Tyler James Robinson’s Reply in Support of Motion to Vacate or Continue Preliminary Hearing, 4-10-26<div class=""",https://andreaburkhart.substack.com/api/v1/file/1f0e47b9-1884-4af8-9218-839d96ab9d56.pdf
2026-04-10_dkt_State_s_Objection_to_Defendant_s_Supplemental_Request_for_Discovery.pdf,516362,"State’s Objection to Defendant’s Supplemental Request for Discovery, 4-10-26<div class=""",https://andreaburkhart.substack.com/api/v1/file/406a33f6-2973-474f-8dc4-242f80aa04f4.pdf
2026-04-14_dkt_Order_Granting_Motion_and_Consent_of_Sponsoring_Local_Counsel_for_Pro_Hac_Vice_Admission_d.pdf,769258,"Order Granting Motion and Consent of Sponsoring Local Counsel for Pro Hac Vice Admission, 4-14-26<div class=""",https://andreaburkhart.substack.com/api/v1/file/79960456-1553-49f9-bf78-a9bbf806104a.pdf
2026-04-14_dkt_Request_and_Order_for_Electronic_Media_Coverage_of_Court_Proceedings.pdf,158729,"Request and Order for Electronic Media Coverage of Court Proceedings, 4-14-26<div class=""",https://andreaburkhart.substack.com/api/v1/file/a26bcfa5-ca19-4b16-81f0-586be76591e5.pdf
2026-04-16_dkt_Declaration_of_Counsel_in_Support_of_OSC.pdf,5492425,"Declaration of Counsel in Support of OSC, 4-16-26<div class=""",https://andreaburkhart.substack.com/api/v1/file/efaa1999-45fe-4327-ae89-cb045c016b41.pdf
2026-04-16_dkt_Motion_for_OSC_for_Contempt_and_Motion_to_Compel.pdf,3601562,"Motion for OSC for Contempt and Motion to Compel, 4-16-26<div class=""",https://andreaburkhart.substack.com/api/v1/file/e9c04837-ad73-4c7d-8d0e-dcb1783a51ce.pdf
2026-04-30_dkt_Opposition_to_Motion_for_an_Order_to_Show_Cause_for_Alleged_Contempt_of_Court_and_for_an_O.pdf,3236600,"Opposition to Motion for an Order to Show Cause for Alleged Contempt of Court and for an Order Compelling Discovery Related to the Alleged Contempt, 4-30-26<div class=""",https://andreaburkhart.substack.com/api/v1/file/4af4647b-3b50-4645-a030-f1cf4b1e87ee.pdf
2026-05-01_dkt_Motion_in_Limine_to_Close_Portions_of_Preliminary_Hearing_and_Seal_Particular_Exhibits_div.pdf,195116,"Motion in Limine to Close Portions of Preliminary Hearing and Seal Particular Exhibits, 5-1-26<div class=""",https://andreaburkhart.substack.com/api/v1/file/13d72bbe-31d6-4684-b2f7-be12a8f0fa3e.pdf
2026-05-01_dkt_Supplemental_Notice_re_State_s_Evidence_at_Preliminary_Hearing.pdf,149350,"Supplemental Notice re: State’s Evidence at Preliminary Hearing, 5-1-26<div class=""",https://andreaburkhart.substack.com/api/v1/file/8c8162b3-6009-4ff7-bdc4-6118d303ea0e.pdf
2026-05-05_dkt_Order_to_Appear.pdf,147763,"Order to Appear, 5-5-26<div class=""",https://andreaburkhart.substack.com/api/v1/file/7706944c-d5bd-4b0c-8775-6e00d9bd70bd.pdf
2026-05-06_dkt_Defendant_Tyler_James_Robinson_s_Motion_in_Limine_to_Preclude_the_Utilization_of_Art_I_sec.pdf,267619,"Defendant Tyler James Robinson’s Motion in Limine to Preclude the Utilization of Art. I sec. 12 and Rule 1102 to Sanction the Admissibility of Hearsay Evidence to Establish Probable Cause at the Prelim, 5-6-26<div class=""",https://andreaburkhart.substack.com/api/v1/file/f3398ee6-907a-4c70-8563-c9aae27f59d1.pdf
2026-05-06_dkt_State_s_Preliminary_Hearing_Witness_and_Exhibit_List.pdf,372832,"State’s Preliminary Hearing Witness and Exhibit List, 5-6-26<div class=""",https://andreaburkhart.substack.com/api/v1/file/59f61407-2811-4027-90d5-a611f4d21098.pdf
2026-05-07_dkt_Reply_to_Opposition_to_Motion_for_an_Order_to_Show_Cause_for_Alleged_Contempt_of_Court_and.pdf,495303,"Reply to Opposition to Motion for an Order to Show Cause for Alleged Contempt of Court and for an Order Compelling Discovery Relating to the Alleged Contempt, 5-7-26<div class=""",https://andreaburkhart.substack.com/api/v1/file/c3538aaa-f964-4d55-af14-cde8e3f72dab.pdf
2026-05-08_dkt_Objection_to_Defendant_s_Motion_in_Limine_to_Close_Portions_of_the_Preliminary_Hearing_and.pdf,227077,"Objection to Defendant s Motion in Limine to Close Portions of the Preliminary Hearing and Seal Exhibits, 5-8-26<div class=""",https://andreaburkhart.substack.com/api/v1/file/5a3c8d5d-d384-4355-a543-9b1fe0985ffc.pdf
2026-05-08_dkt_Objection_to_Defendant_s_Motion_in_Limine_to_Prelude_the_Utilization_of_Article_I_Section_.pdf,201856,"Objection to Defendant s Motion in Limine to Prelude the Utilization of Article I, Section 12 of the Utah Constitution and Rule 1102 of the Utah Rules of Evidence at the Preliminary Hearing, 5-8-26<div class=""",https://andreaburkhart.substack.com/api/v1/file/f8cbe917-5fc2-4347-b852-599c60ae6e51.pdf
2026-05-08_dkt_Ruling_and_Order_on_Defendant_s_Motion_to_Exclude_Still_Photographers_TV_Cameras_and_Micro.pdf,4029500,"Ruling and Order on Defendant's Motion to Exclude Still Photographers, TV Cameras and Microphones from the Courtroom (Docket 305) and Standing Order on Electronic Media Coverage Requests, 5-8-26<div class=""",https://andreaburkhart.substack.com/api/v1/file/eae0b483-1222-4fd2-b202-d40ed3c227d3.pdf
2026-05-08_dkt_Ruling_and_Order_on_Defendant_s_Motion_to_Vacate_or_Continue_Preliminary_Hearing_Pending_D.pdf,1820592,"Ruling and Order on Defendant's Motion to Vacate or Continue Preliminary Hearing Pending Discovery and to Permit Constitutionally Adequate Time for Preparation, 5-8-26<div class=""",https://andreaburkhart.substack.com/api/v1/file/7f76a6a0-57cd-49e1-9c8a-c6292b92bfb1.pdf
2026-05-11_dkt_Request_and_Order_for_Electronic_Media_Coverage_of_Court_Proceedings.pdf,158976,"Request and Order for Electronic Media Coverage of Court Proceedings, 5-11-26<div class=""",https://andreaburkhart.substack.com/api/v1/file/caac9a0c-9f5b-4a2e-840c-12586e348fe6.pdf
2026-05-12_dkt_Ruling_on_the_Record.pdf,729810,"Ruling on the Record, 5-12-26<div class=""",https://andreaburkhart.substack.com/api/v1/file/5731f157-5788-4f3e-aed2-3446937b8d0b.pdf
2026-05-15_dkt_Corrected_State_s_Response_to_Tyler_James_Robinson_s_Motion_in_Limine.pdf,309583,"Corrected State’s Response to Tyler James Robinson’s Motion in Limine, 5-15-26<div class=""",https://andreaburkhart.substack.com/api/v1/file/bc7b6aad-2192-4a27-ba5d-4679e995a260.pdf
2026-05-15_dkt_Opposition_to_Defendant_s_Motion_to_Close_Portions_of_Preliminary_Hearing_and_Seal_Exhibit.pdf,236869,"Opposition to Defendant’s Motion to Close Portions of Preliminary Hearing and Seal Exhibits, 5-15-26<div class=""",https://andreaburkhart.substack.com/api/v1/file/bedd7084-99b7-43c4-af6e-4c8ecc932ad0.pdf
2026-05-15_dkt_State_s_Response_to_Tyler_James_Robinson_s_Motion_in_Limine.pdf,309560,"State’s Response to Tyler James Robinson’s Motion in Limine, 5-15-26<div class=""",https://andreaburkhart.substack.com/api/v1/file/680b7731-7d12-4eed-bf10-1a52222e511b.pdf
2026-05-18_dkt_Reply_in_Support_of_Motion_to_Close_Seal_Portions_of_Preliminary_Hearing.pdf,233490,"Reply in Support of Motion to Close/Seal Portions of Preliminary Hearing, 5-18-26<div class=""",https://andreaburkhart.substack.com/api/v1/file/406202df-cf86-426e-b226-3eb36fc69496.pdf
2026-05-19_dkt_Request_and_Order_for_Electronic_Media_Coverage_of_Court_Proceedings.pdf,160601,"Request and Order for Electronic Media Coverage of Court Proceedings, 5-19-26<div class=""",https://andreaburkhart.substack.com/api/v1/file/e9c6a582-e908-4530-aa00-77bc1847a6af.pdf
2026-05-27_dkt_Opposition_to_Defendant_s_Motion_to_Preclude_Hearsay_at_Preliminary_Hearing.pdf,302640,"Opposition to Defendant’s Motion to Preclude Hearsay at Preliminary Hearing, 5-27-26<div class=""",https://andreaburkhart.substack.com/api/v1/file/b472b5cf-d023-4c81-8803-35045f2790f7.pdf
2026-05-29_dkt_Notice_of_Filing_Petition_for_Permission_to_Appeal_from_Interlocutory_Order.pdf,146683,"Notice of Filing: Petition for Permission to Appeal from Interlocutory Order, 5-29-26<div class=""",https://andreaburkhart.substack.com/api/v1/file/ecafa2e9-6b8e-4401-9b1e-5953aba03a40.pdf
2026-05-31_dkt_Defendant_Tyler_James_Robinson_s_Motion_to_Stay_Pending_Interlocutory_Review.pdf,447215,"Defendant Tyler James Robinson's Motion to Stay Pending Interlocutory Review, 5-31-26<div class=""",https://andreaburkhart.substack.com/api/v1/file/001dd14c-b3d3-4834-af3b-20974e81ffa7.pdf
2026-06-01_dkt_Ruling_and_Order_Denying_Defendant_s_Motion_in_Limine_to_Close_Portions_of_the_Preliminary.pdf,370125,"Ruling and Order Denying Defendant's Motion in Limine to Close Portions of the Preliminary Hearing Testimony and Seal Preliminary Hearing Exhibits, 6-1-26<div class=""",https://andreaburkhart.substack.com/api/v1/file/9700aa34-0e22-4710-9d6b-b6ee9740b372.pdf
2026-06-01_dkt_Ruling_and_Order_Granting_Defendant_s_Motion_for_Order_to_Show_Cause_Docket_504_and_Denyin.pdf,268404,"Ruling and Order Granting Defendant's Motion for Order to Show Cause (Docket 504) and Denying Request to Compel Discovery, 6-1-26<div class=""",https://andreaburkhart.substack.com/api/v1/file/984fb5c4-62dc-45c3-9baa-c7148a762768.pdf
2026-06-03_dkt_Reply_in_Support_of_Defendant_s_Motion_in_Limine_to_Preclude_re_Hearsay.pdf,446092,"Reply in Support of Defendant’s Motion in Limine to Preclude (re Hearsay), 6-3-26<div class=""",https://andreaburkhart.substack.com/api/v1/file/5492e14b-cb8e-40e8-8d3e-c2b5217de5fe.pdf
2026-06-06_dkt_Opposition_to_Motion_to_Stay_Pending_Interlocutory_Review.pdf,238120,"Opposition to Motion to Stay Pending Interlocutory Review, 6-6-26<div class=""",https://andreaburkhart.substack.com/api/v1/file/4f46316a-b6ee-4fbf-84ed-72a42abe8012.pdf
2026-06-09_dkt_Reply_in_Support_of_Defendant_Tyler_James_Robinson_s_Motion_to_Stay_Pending_Interlocutory_.pdf,322384,"Reply in Support of Defendant Tyler James Robinson’s Motion to Stay Pending Interlocutory Review (Dkt 561), 6-9-26<div class=""",https://andreaburkhart.substack.com/api/v1/file/1164ecbe-cfcb-454d-ab4a-4c3a306b3a57.pdf
2026-06-12_dkt_Utah_Attorney_General_s_Notice_of_Intent_Not_to_Respond_to_Constitutional_Challenge_div_cl.pdf,108063,"Utah Attorney General’s Notice of Intent Not to Respond to Constitutional Challenge, 6-12-26<div class=""",https://andreaburkhart.substack.com/api/v1/file/f06bcb6c-62ca-4682-b592-5da68e58398e.pdf
2026-06-16_dkt_Opposition_to_Application_for_Certificate_of_Attendance_of_Out_of_State_Witness.pdf,211750,"Opposition to Application for Certificate of Attendance of Out-of-State Witness, 6-16-26<div class=""",https://andreaburkhart.substack.com/api/v1/file/c9c3290f-7e98-413d-9d67-c4e99b8bf480.pdf
2026-06-17_dkt_Objection_to_Defendant_s_Request_to_Remove_the_Death_Penalty_as_a_Sanction_in_the_Event_th.pdf,353931,"Objection to Defendant s Request to Remove the Death Penalty as a Sanction in the Event the Court Grants the Contempt Motion, 6-17-26<div class=""",https://andreaburkhart.substack.com/api/v1/file/5029bac1-305d-49de-9846-a0dcd9deb8ff.pdf
2026-06-17_dkt_Order_to_Appear.pdf,141561,"Order to Appear, 6-17-26<div class=""",https://andreaburkhart.substack.com/api/v1/file/103496d8-260f-4fba-8ba9-be2bf70a5cbf.pdf
2026-06-18_dkt_Opposition_to_State_s_Uninvited_Objection_to_Defendant_s_Request_to_Remove_the_Death_Penal.pdf,211750,"Opposition to State’s Uninvited Objection to Defendant s Request to Remove the Death Penalty as a Sanction in the Event the Court Grants the Contempt Motion, 6-18-26<div class=""",https://andreaburkhart.substack.com/api/v1/file/81342c31-918e-4a17-92ef-fe92e4591b05.pdf
2026-06-18_dkt_Reply_in_Support_of_Application_for_Certificate_for_Attendance_of_Out_of_State_Witness_div.pdf,187514,"Reply in Support of Application for Certificate for Attendance of Out-of-State Witness, 6-18-26<div class=""",https://andreaburkhart.substack.com/api/v1/file/a4606e96-56ea-401f-811e-6a8f24a6db2b.pdf
2026-06-18_dkt_Request_and_Order_for_Electronic_Media_Coverage_of_Court_Proceedings.pdf,161304,"Request and Order for Electronic Media Coverage of Court Proceedings, 6-18-26<div class=""",https://andreaburkhart.substack.com/api/v1/file/d8c2170e-743c-4e1e-befd-a418f7b40bb6.pdf
2026-06-18_dkt_Request_and_Order_for_Electronic_Media_Coverage_of_Court_Proceedings_Preliminary_Hearing_d.pdf,161090,"Request and Order for Electronic Media Coverage of Court Proceedings - Preliminary Hearing, 6-18-26<div class=""",https://andreaburkhart.substack.com/api/v1/file/138de2ff-cfc4-4770-9df8-00e99d5f1f9d.pdf
2026-06-19_dkt_Defendant_Tyler_James_Robinson_s_Second_Supplemental_Request_for_Discovery.pdf,173823,"Defendant Tyler James Robinson s Second Supplemental Request for Discovery, 6-19-26<div class=""",https://andreaburkhart.substack.com/api/v1/file/8219c16d-ee65-4ec6-a44b-c5be5b8fee27.pdf
2026-06-21_dkt_Opposition_to_Defendant_Tyler_James_Robinson_s_Opposition_to_Electronic_Media_Request_for_.pdf,168286,"Opposition to Defendant Tyler James Robinson’s Opposition to Electronic Media Request for the Preliminary Hearing, 6-21-26<div class=""",https://andreaburkhart.substack.com/api/v1/file/2f81f4c9-1fe8-45fc-b558-66d5289ca04d.pdf
2026-06-22_dkt_Notice_of_Filing_News_Media_Response_to_Defendant_s_Petition_for_Permission_to_Appeal_Inte.pdf,986465,"Notice of Filing News Media Response to Defendant’s Petition for Permission to Appeal Interlocutory Order, 6-22-26<div class=""",https://andreaburkhart.substack.com/api/v1/file/cce44120-76d5-486f-a44b-c0f831291f71.pdf
2026-06-22_dkt_Order_Regarding_Defendant_s_Application_for_Certificate_for_Attendance_of_Out_of_State_Wit.pdf,751462,"Order Regarding Defendant's Application for Certificate for Attendance of Out-of-State Witness and State's Motion to Quash Subpoena, 6-22-26<div class=""",https://andreaburkhart.substack.com/api/v1/file/6a2ad9e9-f51c-49e7-9f4d-e415319b953d.pdf
2026-06-23_dkt_Minute_Entry_Order_RE_Electronic_Devices_In_Courtroom_Prohibited_During_Preliminary_Hearin.pdf,204814,"Minute Entry Order RE: Electronic Devices In Courtroom Prohibited During Preliminary Hearing, 6-23-26<div class=""",https://andreaburkhart.substack.com/api/v1/file/eeb7f87d-fe0f-4a54-b9f9-3836771c1321.pdf
2026-06-23_dkt_Ruling_And_Order_On_Defendant_s_Motion_In_Limine_To_Preclude_Utilization_Of_Article_I_Sect.pdf,380001,"Ruling And Order On Defendant's Motion In Limine To Preclude Utilization Of Article I, Section 12 Of The Utah Constitution And Rule 1102 Of The Utah Rules Of Evidence To Sanction The Admissibility Of Heresy Evidence To Establish Probable, 6-23-26<div class=""",https://andreaburkhart.substack.com/api/v1/file/c7495909-6729-4da8-8af8-2aef91f6e81e.pdf
2026-06-23_dkt_Ruling_on_the_Record.pdf,729544,"Ruling on the Record, 6-23-26<div class=""",https://andreaburkhart.substack.com/api/v1/file/6fcb91e5-d66e-43ed-8beb-2cca6cba0357.pdf
2026-06-24_dkt_Defendant_Tyler_James_Robinson_s_Opposition_to_EMC_Order_for_the_Preliminary_Hearing_Dkt_6.pdf,168558,"Defendant Tyler James Robinson’s Opposition to EMC Order for the Preliminary Hearing (Dkt 634), 6-24-26<div class=""",https://andreaburkhart.substack.com/api/v1/file/7d5578f8-c896-4f78-8b5e-a76f93e6603f.pdf
2026-06-24_dkt_News_Media_Response_to_Defendant_s_Opposition_to_Electronic_Media_Request_for_the_Prelimin.pdf,2225501,"News Media Response to Defendant s Opposition to Electronic Media Request for the Preliminary Hearing, 6-24-26<div class=""",https://andreaburkhart.substack.com/api/v1/file/08cd967c-be23-4964-916d-75b6a40cde32.pdf
2026-06-24_dkt_Opposition_to_Defendant_Tyler_James_Robinson_s_Opposition_to_EMC_Order_for_the_Prelim_Dkt_.pdf,168628,"Opposition to Defendant Tyler James Robinson’s Opposition to EMC Order for the Prelim (Dkt 641), 6-24-26<div class=""",https://andreaburkhart.substack.com/api/v1/file/b11f5fc4-5fcb-46d3-80f2-25550ab51c44.pdf
2026-06-24_dkt_Opposition_to_Defendant_Tyler_James_Robinson_s_Opposition_to_EMC_Order_for_the_Preliminary.pdf,168558,"Opposition to Defendant Tyler James Robinson s Opposition to EMC Order for the Preliminary Hearing (Dkt 633), 6-24-26<div class=""",https://andreaburkhart.substack.com/api/v1/file/1a12c841-e3b0-450f-893a-929313ea9ce4.pdf
2026-06-24_dkt_Opposition_to_Defendant_s_Motion_to_Classify_Application_for_Certificate_to_Secure_Out_of_.pdf,200921,"Opposition to Defendant’s Motion to Classify Application for Certificate to Secure Out-of-State Witness (News Media s Opposition), 6-24-26<div class=""",https://andreaburkhart.substack.com/api/v1/file/dd68d26d-dece-4538-be5d-7fabbcffb73b.pdf
2026-06-25_dkt_News_Media_Response_to_Defendant_Opposition_to_EMC_Orders_for_the_Preliminary_Hearing_Stil.pdf,2211277,"News Media Response to Defendant Opposition to EMC Orders for the Preliminary Hearing (Still Photography), 6-25-26<div class=""",https://andreaburkhart.substack.com/api/v1/file/9cb6c74c-a987-464a-8b1d-e87777e44dda.pdf
2026-06-26_dkt_Notice_of_Filing_Petition_for_Permission_to_Appeal_from_Two_Interlocutory_Orders.pdf,152462,"Notice of Filing Petition for Permission to Appeal from Two Interlocutory Orders,6-26-26<div class=""",https://andreaburkhart.substack.com/api/v1/file/110c9446-f802-4f73-b80f-511f5e6b74a9.pdf
2026-06-26_dkt_Request_and_Order_for_Electronic_Media_Coverage_of_Court_Proceedings_still_photography_div.pdf,391489,"Request and Order for Electronic Media Coverage of Court Proceedings, 6-26-26 (still photography)<div class=""",https://andreaburkhart.substack.com/api/v1/file/65fed97d-8046-471d-80ce-5fa51703d2fb.pdf
2026-06-26_dkt_Ruling_And_Order_On_Defendant_s_Motion_For_an_Order_To_Show_Cause_For_Contempt_Of_Court_di.pdf,918590,"Ruling And Order On Defendant's Motion For an Order To Show Cause For Contempt Of Court, 6-26-26<div class=""",https://andreaburkhart.substack.com/api/v1/file/e593804e-bb33-419a-8232-98198a25c65d.pdf
2026-06-30_dkt_Ruling_And_Order_On_Defendant_s_Objections_To_Electronic_Media_Requests.pdf,823416,"Ruling And Order On Defendant's Objections To Electronic Media Requests, 6-30-26<div class=""",https://andreaburkhart.substack.com/api/v1/file/60eb1df1-a978-4716-95db-13f04011b4c3.pdf
2026-07-01_dkt_News_Media_Motion_to_Amend_Minute_Entry_Order_to_Allow_Use_of_Portable_Electronic_Devices_.pdf,2241241,"News Media Motion to Amend Minute Entry Order to Allow Use of Portable Electronic Devices by the News Media and Their Counsel, 7-1-26<div class=""",https://andreaburkhart.substack.com/api/v1/file/5b17aa3e-8755-4bd2-9b42-7095e65ec3ab.pdf
2026-07-01_dkt_RULING_ON_THE_RECORD.pdf,727012,"RULING ON THE RECORD, 7-1-26<div class=""",https://andreaburkhart.substack.com/api/v1/file/7809a8c4-7203-4ab2-a62e-da410b7e43f8.pdf
2026-07-02_dkt_Reply_in_Support_of_Motion_to_Classify_Application_as_Private.pdf,193929,"Reply in Support of Motion to Classify Application as Private, 7-2-26<div class=""",https://andreaburkhart.substack.com/api/v1/file/89c3bde6-df52-44d2-9633-8de406334af7.pdf
2026-07-02_dkt_Response_to_Defendant_s_Second_Supplemental_Request_for_Discovery.pdf,148897,"Response to Defendant’s Second Supplemental Request for Discovery, 7-2-26<div class=""",https://andreaburkhart.substack.com/api/v1/file/74d50292-177e-4865-a315-7353713eb9ad.pdf
2026-07-02_dkt_Ruling_And_Order_Denying_News_Media_Motion_To_Amend_Minute_Entry_Order.pdf,510935,"Ruling And Order Denying News Media Motion To Amend Minute Entry Order, 7-2-26<div class=""",https://andreaburkhart.substack.com/api/v1/file/f2f2cdec-381c-4ddf-b09d-085b5890dd3f.pdf
2026-07-03_dkt_Defendant_s_Standing_Objections_to_State_s_Exhibits.pdf,180781,"Defendant’s Standing Objections to State’s Exhibits, 7-3-26<div class=""",https://andreaburkhart.substack.com/api/v1/file/40efc715-b46d-408d-ad67-e5039c84af15.pdf
2026-07-04_dkt_News_Media_Amended_Motion_to_Allow_Portable_Electronic_Devices.pdf,2245337,"News Media Amended Motion to Allow Portable Electronic Devices, 7-4-26<div class=""",https://andreaburkhart.substack.com/api/v1/file/b0223454-784e-475a-812b-920da42a8922.pdf
2026-07-08_dkt_PRELIMINARY_HEARING.pdf,729039,"PRELIMINARY HEARING, 7-8-26<div class=""",https://andreaburkhart.substack.com/api/v1/file/32bf6f37-4bec-4cd8-93e0-f1a4faa382be.pdf
2026-07-08_dkt_Supplemental_Notice_Concerning_Access_to_Evidence_Presented_in_Open_Court.pdf,190605,"Supplemental Notice Concerning Access to Evidence Presented in Open Court, 7-8-26<div class=""",https://andreaburkhart.substack.com/api/v1/file/dce6ed22-2268-48df-bbf5-08a6901a96f4.pdf
2026-07-10_dkt_Request_for_Speedy_Disposition_and_Prompt_Bindover.pdf,93068,"Request for Speedy Disposition and Prompt Bindover, 7-10-26<div class=""",https://andreaburkhart.substack.com/api/v1/file/6c768210-82de-443c-800f-58c6d202ae33.pdf
2026-07-21_dkt_PRELIMINARY_HEARING_01.pdf,727114,"PRELIMINARY HEARING, 7-21-26<div class=""",https://andreaburkhart.substack.com/api/v1/file/4f62f14c-9b20-46c6-a493-9d2de6a5903a.pdf
2026-07-21_dkt_PRELIMINARY_HEARING_02.pdf,728538,"PRELIMINARY HEARING, 7-21-26<div class=""",https://andreaburkhart.substack.com/api/v1/file/011c5d90-2c2e-4043-919d-63b4abb83949.pdf
2026-07-21_dkt_PRELIMINARY_HEARING_DAY_2.pdf,728371,"PRELIMINARY HEARING - DAY 2, 7-21-26<div class=""",https://andreaburkhart.substack.com/api/v1/file/8963886b-a070-4372-bfb8-0ccddfe85cdb.pdf
2026-07-28_dkt_Memorandum_in_Support_of_Preliminary_Hearing_Bindover.pdf,319679,"Memorandum in Support of Preliminary Hearing Bindover, 7-28-26<div class=""",https://andreaburkhart.substack.com/api/v1/file/b751fcf7-c7dd-447b-bfd8-59b76408afc0.pdf
2026-08-11_dkt_Defendant_Tyler_James_Robinson_s_Preliminary_Hearing_Briefing.pdf,389135,"Defendant Tyler James Robinson's Preliminary Hearing Briefing, 8-11-26<div class=""",https://andreaburkhart.substack.com/api/v1/file/1d3ce795-67cd-4dcb-bb72-a78e64551a42.pdf
2026-08-18_dkt_Request_and_Order_for_Electronic_Media_Coverage_of_Court_Proceedings_01.pdf,165313,"Request and Order for Electronic Media Coverage of Court Proceedings, 8-18-26<div class=""",https://andreaburkhart.substack.com/api/v1/file/da466ae2-7f28-4c1c-8250-70d886d1af94.pdf
2026-08-18_dkt_Request_and_Order_for_Electronic_Media_Coverage_of_Court_Proceedings_02.pdf,167821,"Request and Order for Electronic Media Coverage of Court Proceedings, 8-18-26<div class=""",https://andreaburkhart.substack.com/api/v1/file/0b4d9879-be59-4582-b6e7-6d785f94170b.pdf
2026-08-18_dkt_State_s_Reply_Supporting_Preliminary_Hearing_Bindover.pdf,277548,"State’s Reply Supporting Preliminary Hearing Bindover, 8-18-26<div class=""",https://andreaburkhart.substack.com/api/v1/file/6ed59130-62a7-479a-853c-621cde405142.pdf
2026-08-22_dkt_Opposition_to_Defendant_Tyler_James_Robinson_s_Opposition_to_EMC_Order_for_the_September_1_01.pdf,155970,"Opposition to Defendant Tyler James Robinson s Opposition to EMC Order for the September 1, 2026 Hearing (Dkt 710)_Redacted, 8-22-26<div class=""",https://andreaburkhart.substack.com/api/v1/file/b5e67149-c2a0-44a5-8a1c-405ba04aef90.pdf
2026-08-22_dkt_Opposition_to_Defendant_Tyler_James_Robinson_s_Opposition_to_EMC_Order_for_the_September_1_02.pdf,156178,"Opposition to Defendant Tyler James Robinson’s Opposition to EMC Order for the September 1, 2026 Hearing (Dkt 711), 8-22-26<div class=""",https://andreaburkhart.substack.com/api/v1/file/959bef5b-da0a-4670-95f1-ac958b12c00e.pdf
2026-08-27_dkt_Minute_Entry_Order_RE_Electronic_Device_In_Courtroom_Prohibited_During_September_1_2026_He.pdf,245747,"Minute Entry Order RE: Electronic Device In Courtroom Prohibited During September 1, 2026 Hearing, 8-27-26<div class=""",https://andreaburkhart.substack.com/api/v1/file/a7c2947d-e940-426d-a399-797f58d83003.pdf
2026-08-27_dkt_News_Media_Consolidated_Response_to_Defendant_Opposition_to_EMC_Orders_for_the_September_1.pdf,2219659,"News Media Consolidated Response to Defendant Opposition to EMC Orders for the September 1, 2026 Hearing, 8-27-26<div class=""",https://andreaburkhart.substack.com/api/v1/file/bd041a72-329c-4d01-a9a1-df8fe6a1bba3.pdf
2026-08-27_dkt_News_Media_Opposition_to_Defendant_Motion_to_Classify_Unredacted_Oppositions_to_EMC_Orders.pdf,2213105,"News Media Opposition to Defendant Motion to Classify Unredacted Oppositions to EMC Orders for the September 1, 2026 Hearing, 8-27-26<div class=""",https://andreaburkhart.substack.com/api/v1/file/a39e8ac8-f4d4-4a57-9373-87199a2176c8.pdf
2026-08-27_dkt_Standing_Decorum_Order_Effective_August_28_2026.pdf,481698,"Standing Decorum Order, Effective August 28, 2026, 8-27-26<div class=""",https://andreaburkhart.substack.com/api/v1/file/6053b721-5d52-40db-893b-02100be7c48f.pdf
2026-08-28_dkt_Amended_Standing_Decorum_Order_Effective_August_28_2026.pdf,661883,"Amended Standing Decorum Order, Effective August 28, 2026, 8-28-26<div class=""",https://andreaburkhart.substack.com/api/v1/file/75d9511f-501c-4335-b503-91ddd479bff5.pdf
2026-08-28_dkt_Defendant_Tyler_James_Robinson_s_Discovery_Status_Report.pdf,572857,"Defendant Tyler James Robinson’s Discovery Status Report, 8-28-26<div class=""",https://andreaburkhart.substack.com/api/v1/file/cd14df85-2717-490d-b335-9cf408d937d2.pdf
2026-08-31_dkt_Order_to_Transport.pdf,132247,"Order to Transport, 8-31-26<div class=""",https://andreaburkhart.substack.com/api/v1/file/e414b1ca-2005-4faf-8290-9bca45d78dd8.pdf
2028-10-27_dkt_Ruling_and_Order_Granting_Defendant_s_Motion_to_Strike_and_Granting_in_Part_and_Denying_in.pdf,3460751,"Ruling and Order Granting Defendant’s Motion to Strike and Granting in Part and Denying in Part Defendant’s Motion to Appear in Civilian Clothing and Without Restraints, 10-27-28<div class=""",https://andreaburkhart.substack.com/api/v1/file/ded1002f-6589-455b-82c4-d4493cd3def9.pdf
