docket_title	substack_file_url
Information, 9-16-25	https://andreaburkhart.substack.com/api/v1/file/15011912-ef6a-4cb0-9110-da11ae43c0b8.pdf
Probable Cause Affidavit, 9-16-25	https://andreaburkhart.substack.com/api/v1/file/6176388e-e453-4f96-aa18-b7417f6c3853.pdf
Public Safety Assessment Report, 9-16-25	https://andreaburkhart.substack.com/api/v1/file/3d101069-1ce7-40a7-a630-7b95ae234197.pdf
Bail Order, 9-16-25	https://andreaburkhart.substack.com/api/v1/file/5a7cca47-f738-488e-9107-6e0495524469.pdf
Return of Electronic Notification, 9-16-25	https://andreaburkhart.substack.com/api/v1/file/c31a6d84-7df7-459e-9f83-61007028a30a.pdf
Acknowledgment of Firearm Restriction, 9-16-25	https://andreaburkhart.substack.com/api/v1/file/361d1fcb-c9de-4549-8c02-78450bae7fb7.pdf
Order (Proposed) Pretrial Protective Order, 9-16-25	https://andreaburkhart.substack.com/api/v1/file/c6387776-9454-44bb-beb1-33a226b44572.pdf
Return of Electronic Notification, 9-16-25	https://andreaburkhart.substack.com/api/v1/file/35c5a943-39cf-499e-b42b-df84896ce849.pdf
Affidavit of Indigency, 9-16-25 (Private, Not obtained)	
State’s Notice of Intent to Seek the Death Penalty, 9-16-25	https://andreaburkhart.substack.com/api/v1/file/0de50288-75a3-4d17-981e-720a32158ce3.pdf
Return of Electronic Notification, 9-16-25 (Not obtained)	
Request for Designation of Victim Representative, 9-16-25	https://andreaburkhart.substack.com/api/v1/file/f479c8bd-2db7-492f-957e-82923b693154.pdf
Order Pretrial Protective Order, 9-16-25	https://andreaburkhart.substack.com/api/v1/file/903f010b-5e13-4966-9bb4-36c76b544a45.pdf
Return of Electronic Notification, 9-17-25 (Not obtained)	
Initial Appearance, 9-22-25	https://andreaburkhart.substack.com/api/v1/file/27a066c0-ece9-4514-986a-85f44487912c.pdf
Return of Electronic Notification, 9-23-25 (Not obtained)	
Pre-Trial Protective Order, 9-23-25 (Not obtained, duplicate of #14)	
Notice for Case 251403576 FS Judge: Tony F. Graf Jr., 9-23-25	https://andreaburkhart.substack.com/api/v1/file/3d3005e1-7eae-4f87-b187-f53ca8acb166.pdf
Return of Electronic Notification, 9-24-25 (Not obtained)	
Order for Court Reporter, 9-22-25	https://andreaburkhart.substack.com/api/v1/file/bcadabfb-5b7a-402a-98e6-2b2279e60c76.pdf
Protection Order Re: Pre-Trial and Trial Publicity, 9-22-25	https://andreaburkhart.substack.com/api/v1/file/318a8e0e-652a-495d-b86f-b89a1784b365.pdf
Order to Transport, 9-24-25	https://andreaburkhart.substack.com/api/v1/file/c4357d04-b414-49e6-8e63-5baecc6c449c.pdf
Request and Order for Electronic Media Coverage of Court Proceedings, 9-15-25 (Not obtained)	
Request and Order for Electronic Media Coverage of Court Proceedings, 9-17-25 (Not obtained)	
Request and Order for Electronic Media Coverage of Court Proceedings, 9-24-25 (Not obtained)	
Standing Decorum Order, 9-24-25	https://andreaburkhart.substack.com/api/v1/file/20aa8189-c801-47d0-8b7e-1e4a84d74983.pdf
Return of Service Pretrial Protective Order, 9-24-25 (Not obtained)	
Protective Order Acknowledgment of Firearm Restriction, 9-24-25 (Not obtained)	
Return of Electronic Notification, 9-25-25 (Not obtained)	
Affidavit/Declaration Rule 8 Declaration of Kathryn N. Nester, 9-25-25	https://andreaburkhart.substack.com/api/v1/file/bf5aee24-3c96-4862-82fc-8ab02671c83f.pdf
Affidavit/Declaration Rule 8 Declaration of Michael N. Burt, 9-25-25	https://andreaburkhart.substack.com/api/v1/file/d980601e-4539-46f1-9f82-16ca8535b13a.pdf
Affidavit/Declaration Rule 8 Declaration of Richard G. Novak, 9-25-25	https://andreaburkhart.substack.com/api/v1/file/fcef7e1e-0d8b-4719-a382-f44f380b16ab.pdf
Motion Pro Hac Vice to Admit Michael N. Burt, 9-25-25	https://andreaburkhart.substack.com/api/v1/file/04b4bdef-7773-4ac9-9830-a3ddae4f85e9.pdf
Motion Pro Hac Vice to Admit Richard G. Novak, 9-25-25	https://andreaburkhart.substack.com/api/v1/file/5d7398b3-f6e4-42dd-a0a6-d719fa27fc6c.pdf
Order (Proposed) Findings of Fact and Conclusions of Law Regarding Appointment of Rule 8 Counsel, 9-25-25 (Not obtained)	
Order (Proposed) Admitting Michael N. Burt Pro Hac Vice, 9-25-25 (Not obtained)	
Order (Proposed) Admitting Richard G. Novak Pro Hac Vice, 9-25-25 (Not obtained)	
Order Admitting Michael N. Burt Pro Hac Vice, 9-26-25	https://andreaburkhart.substack.com/api/v1/file/4ebb4802-a92a-4c22-8b76-173a618dc35c.pdf
Order Findings of Fact and Conclusions of Law Regarding Appointment of Rule 8 Counsel, 9-27-25	https://andreaburkhart.substack.com/api/v1/file/b7951b82-052a-42f7-8bbd-715e4faf5868.pdf
Return of Electronic Notification, 9-26-25 (Not obtained)	
Order Admitting Richard G. Novak Pro Hac Vice, 9-27-25	https://andreaburkhart.substack.com/api/v1/file/99b9f3de-4371-4db5-a957-c770aeeaeb4f.pdf
Return of Electronic Notification, 9-27-25 (Not obtained)	
Supplemental Exhibit to Motion and Consent of Sponsoring Local Counsel for Pro Hac Vice Admission of Out of State Counsel Michael N. Burt, 9-28-25	https://andreaburkhart.substack.com/api/v1/file/8e18e9dd-966e-4b4b-ac42-292e1b747f53.pdf
Supplemental Exhibit to Motion and Consent of Sponsoring Local Counsel for Pro Hac Vice Admission of Out of State Counsel Richard G. Novak, 9-28-25	https://andreaburkhart.substack.com/api/v1/file/cf06cc47-adf9-412f-ae7a-88c300c8143b.pdf
Supplemental Exhibit to Rule 8 Declaration of Michael N. Burt, 9-28-25	https://andreaburkhart.substack.com/api/v1/file/1bc8f49b-a8cc-4585-a741-c9a0bf19ae3e.pdf
Supplemental Exhibit to Rule 8 Declaration of Richard G. Novak, 9-28-25	https://andreaburkhart.substack.com/api/v1/file/3394a3a2-6a29-47f4-b6c9-795eb3675e44.pdf
Return of Electronic Notification, 9-28-25 (Not obtained)	
Order to Transport, 9-29-25 (Not obtained)	
Return of Electronic Notification, 9-30-25 (Not obtained)	
Appearance of Counsel/Notice of Limited Appearance of Counsel, 9-30-25	https://andreaburkhart.substack.com/api/v1/file/64ea8c52-3263-4546-bb20-0b8e84ddca12.pdf
Appearance of Counsel/Notice of Limited Appearance of Counsel, 9-30-25	https://andreaburkhart.substack.com/api/v1/file/74a72add-92b7-47e6-a32e-4649a5992d2b.pdf
Appearance of Counsel/Notice of Limited Appearance of Counsel, 9-30-25	https://andreaburkhart.substack.com/api/v1/file/451541a4-d71e-43df-b2b9-7322bb688209.pdf
Appearance of Counsel/Notice of Limited Appearance of Counsel, 9-30-25	https://andreaburkhart.substack.com/api/v1/file/4ff5ca32-d4fb-433b-a2f2-6dce59a84a6c.pdf
Appearance of Counsel/Notice of Limited Appearance of Counsel, 9-30-25	https://andreaburkhart.substack.com/api/v1/file/2f39b1cf-e5b8-49d5-9fc2-bffd1529fc3b.pdf
Request for Discovery, 9-30-25	https://andreaburkhart.substack.com/api/v1/file/26bc3b24-7536-403d-9a99-f4c48cf2a373.pdf
Return of Electronic Notification, 10-1-25 (Not obtained)	
Telephonic Conference, 10-1-25	https://andreaburkhart.substack.com/api/v1/file/b4cf5290-71e5-4491-be01-45a5a8422e18.pdf
Telephonic Conference, 10-1-25	https://andreaburkhart.substack.com/api/v1/file/7036d3e3-5ebc-480c-ab8d-d74ae1e2a454.pdf
Request and Order for Electronic Media Coverage of Court Proceedings, 9-29-25	https://andreaburkhart.substack.com/api/v1/file/a9ba24be-f672-42d5-afd9-62a1b4a2dc7d.pdf
Request and Order for Electronic Media Coverage of Court Proceedings, 9-29-25 (Not obtained)	
Return of Electronic Notification, 10-2-25 (Not obtained)	
Return of Electronic Notification, 10-3-25 (Not obtained)	
Return of Electronic Notification, 10-4-25 (Not obtained)	
Request for Audio Recording, 10-6-25	https://andreaburkhart.substack.com/api/v1/file/bcaecd49-8a97-44b1-ad9f-89299e143a35.pdf
Return of Electronic Notification, 10-6-25 (Not obtained)	
Return of Electronic Notification, 10-7-25 (Not obtained)	
Copy of Video/Audio Record (completed), 10-8-25	https://andreaburkhart.substack.com/api/v1/file/6903bbde-de6a-4e8c-b9c6-ab7375432e44.pdf
Motion to Preserve Evidence, 10-8-25	https://andreaburkhart.substack.com/api/v1/file/213c1939-16c4-428a-90bb-3121cfe74dec.pdf
Order (Proposed) Granting Motion to Preserve Evidence, 10-8-25 (Not obtained)	
Return of Electronic Notification, 10-8-25 (Not obtained)	
Return of Electronic Notification, 10-9-25 (Not obtained)	
Motion Permission to File Overlength Motion to Appear in Civilian Clothes and Without Restraints, 10-9-25	https://andreaburkhart.substack.com/api/v1/file/8edc4b88-8a8f-4db1-97eb-89f3d689e142.pdf
Request/Notice to Submit Motion for Permission to File Overlength Motion to Appear in Civilian Clothes and Without Restraints, 10-9-25	https://andreaburkhart.substack.com/api/v1/file/4bd7410f-fb0c-4448-91b5-562d58ea5007.pdf
Order (Proposed) Granting Motion for Permission to File Overlength Motion to Appear in Civilian Clothes and Without Restraints, 10-9-25 (Not obtained)	
Motion (Hearing Requested) to Appear at All In-Person Proceedings in Civilian Clothing and Without Restraints and Memorandum in Support, 10-9-25	https://andreaburkhart.substack.com/api/v1/file/9bb9127e-4fe5-4c5a-bcdc-13d075d83a90.pdf
Order (Proposed) Temporary Order Allowing Appearance in Civilian Clothing and Without Restraints, 10-9-25	https://andreaburkhart.substack.com/api/v1/file/79fb3af6-01b3-45ff-ab0c-05f5aa152298.pdf
Order Granting Motion for Permission to File Overlength Motion to Appear in Civilian Clothes and Without Restraints, 10-10-25 (Not obtained)	
Return of Electronic Notification, 10-10-25 (Not obtained)	
Appearance of Counsel/Notice of Limited Appearance, 10-13-25	https://andreaburkhart.substack.com/api/v1/file/cae71612-738b-421d-a495-a0dd0116a7a9.pdf
Return of Electronic Notification, 10-13-25 (Not obtained)	
Request/Notice to Submit Stipulated Discovery Protective Order, 10-13-25 (Not obtained)	
Motion for Discovery Protective Order (Stipulated), 10-13-25	https://andreaburkhart.substack.com/api/v1/file/081e0917-8dc6-48c6-be6c-90899a3d8f40.pdf
Order (Proposed) Discovery Protective Order, 10-13-25 (Not Obtained)	
Certificate of Service, 10-13-25 (Not obtained)	
Interim Order Defendant’s Motion to Appear in Civilian Clothing and Without Restraints, 10-14-25	https://andreaburkhart.substack.com/api/v1/file/53635f32-26c1-4f19-9428-3a99bd25ab85.pdf
Appearance of Counsel/Notice of Limited Appearance (Richard Novak), 10-14-25	https://andreaburkhart.substack.com/api/v1/file/8cfb324b-40ef-40d2-820d-ac2837cce2b8.pdf
Return of Electronic Notification, 10-14-25 (Not obtained)	
Return of Electronic Notification, 10-15-25 (Not obtained)	
Discovery Protective Order, 10-15-25	https://andreaburkhart.substack.com/api/v1/file/01038937-9c9a-48ff-bfca-45b11e9e5b2e.pdf
Motion to Classify as Private the Response to Defendant’s Motion to Appear in Civilian Clothing, 10-20-25	https://andreaburkhart.substack.com/api/v1/file/c81f5dca-05c1-4b9e-85c7-e49db8d41a98.pdf
Order (Proposed) Granting Motion to Classify as Private the Response to Defendant’s Motion to Appear in Civilian Clothing, 10-20-25 (Not obtained)	
Return of Electronic Notification, 10-20-25 (Not obtained)	
Order Granting Motion to Classify as Private the Response to Defendant’s Motion to Appear in Civilian Clothing, 10-20-25	https://andreaburkhart.substack.com/api/v1/file/cc24cde3-5dea-4fdb-8b05-9aedfaff8c11.pdf
Order Granting Motion to Preserve Evidence, 10-20-25	https://andreaburkhart.substack.com/api/v1/file/c3b2f538-6a28-433f-b747-04c504a32023.pdf
(Omitted from Docket - no document # 109)	
Return of Electronic Notification, 10-21-25 (Not obtained)	
Motion to Strike Response to Defendant’s Motion to Appear at All In-Person Proceedings in Civilian Clothing and Without Restraints, 10-21-25	https://andreaburkhart.substack.com/api/v1/file/e7480933-c3c2-4c50-86a7-8a02c7133da4.pdf
Order to Transport, 10-21-25	https://andreaburkhart.substack.com/api/v1/file/2874439f-8452-4e7f-b066-a1e5291a1171.pdf
Return of Electronic Notification, 10-22-25 (Not obtained)	
Defendant’s Opposition to the State of Utah’s Motion under Utah Rule of Criminal Procedure 17.5, 10-22-25	https://andreaburkhart.substack.com/api/v1/file/158b5980-30ba-47ab-8f2c-89b3503a082a.pdf
Motion to Set Aside October 20, 2025 Order Granting Motion to Preserve Evidence, 10-22-25	https://andreaburkhart.substack.com/api/v1/file/d1c40a31-b5a5-407f-87ac-1688f8275f76.pdf
Response to Defendant’s Motion to Preserve Evidence, 10-22-25	https://andreaburkhart.substack.com/api/v1/file/dd217f7b-963f-4bce-b506-39915bbabe45.pdf
Opposition to Motion to Strike Response to Defendant’s Motion to Appear at All In-Person Proceedings in Civilian Clothing and Without Restraints, 10-22-25	https://andreaburkhart.substack.com/api/v1/file/4906e387-cf8b-49c1-8a8b-58276bc27942.pdf
Reply in Support of Motion re Restraints and Civilian Clothing, 10-22-25	https://andreaburkhart.substack.com/api/v1/file/d2b26b8a-79e9-4962-add7-363a6c9913af.pdf
Motion for Permission to File Overlength Reply, 10-22-25 (Not obtained)	
Request/Notice to Submit Request to Submit Motion for Permission to File Overlength Reply, 10-22-25 (Not obtained)	
Order (Proposed) Order Granting Permission to File Overlength Reply, 10-22-25 (Not obtained)	
Return of Electronic Notification, 10-23-25 (Not obtained)	
Order Granting Permission to File Overlength Reply, 10-23-25 (Not obtained)	
Reply in Support of Motion to Strike Response to Defendant’s Motion to Appear at all In-Person Proceedings in Civilian Clothing and Without Restraints, 10-23-25	https://andreaburkhart.substack.com/api/v1/file/c51f289e-1e2c-49cf-a520-016e74ad07aa.pdf
Request and Order for Electronic Media Coverage of Court Proceedings, 10-23-25	https://andreaburkhart.substack.com/api/v1/file/341731a2-07d4-4733-8fb0-ee6cd228ea68.pdf
Return of Electronic Notification, 10-24-25 (Not obtained)	
Updated Request and Order for Electronic Media Coverage of Court Proceedings	https://andreaburkhart.substack.com/api/v1/file/3f61785d-901e-4ee5-abbe-ab833657644b.pdf
Return of Electronic Notification, 10-27-25 (Not obtained)	
State’s Notice of Open File Policy and Invitation to Inspect Physical Evidence, 10-27-25	https://andreaburkhart.substack.com/api/v1/file/c3071a53-c395-40d4-8907-9c36a754ab5f.pdf
Ruling and Order Granting Defendant’s Motion to Strike and Granting in Part and Denying in Part Defendant’s Motion to Appear in Civilian Clothing and Without Restraints, 10-27-28	https://andreaburkhart.substack.com/api/v1/file/ded1002f-6589-455b-82c4-d4493cd3def9.pdf
Standing Decorum Order, Effective 10-30-25	https://andreaburkhart.substack.com/api/v1/file/305e9135-e121-4111-9eb6-cd3154fd1ab8.pdf
Not Signed Order (Proposed) Temporary Order Allowing Appearance in Civilian Clothing and Without Restraints, 10-27-25 (Not obtained)	
Return of Electronic Notification (Not obtained), 10-27-25	
Motion to Extend Time, Stipulated, 10-27-25	https://andreaburkhart.substack.com/api/v1/file/876c0c5d-f807-4a0d-a071-9c7579547ba2.pdf
Request/Notice to Submit Stipulated Motion to Extend Time, 10-27-25 (Not obtained)	
Order (Proposed) Granting Stipulated Motion to Extend Time, 10-27-25 (Not obtained)	
Order Granting Stipulated Motion to Extend Time, 10-28-25	https://andreaburkhart.substack.com/api/v1/file/9fb6e672-5892-4eab-85f7-473fa0b7a5e2.pdf
Return of Electronic Notification, 10-28-25 (Not obtained)	
(Omitted from docket - no document # 148)	
Return of Electronic Notification, 10-29-25 (Not obtained)	
Request for Notice of Motions to Close Judicial Proceedings and Records, 10-30-25	https://andreaburkhart.substack.com/api/v1/file/faf82281-31c5-4536-9d70-f1fae049a220.pdf
Return of Electronic Notification, 10-30-25 (Not obtained)	
Stipulation Motion to Order Transcript and Classify Transcript and Audio as Private, 11-3-25	https://andreaburkhart.substack.com/api/v1/file/e37688ed-8cfc-4d9d-83e4-7f7d6b2b16b6.pdf
Request/Notice to Submit Request to Submit Stipulated Motion to Order Transcript and Classify, 11-3-25 (Not obtained)	
Order (Proposed) Granting Motion to Order Transcript and Classify, 11-3-25 (Not obtained)	
Return of Electronic Notification, 11-3-25 (Not obtained)	
Request/Notice to Submit Stipulated Motion Regarding Order to Preserve Evidence, 11-3-25 (Not obtained)	
Stipulated Motion Regarding Order to Preserve Evidence, 11-3-25	https://andreaburkhart.substack.com/api/v1/file/04d404f9-7f96-430a-86c9-09622fd3064d.pdf
Order (Proposed) Stipulated Order: (1) Setting Aside October 20, 2025 Order Granting Motion to Preserve Evidence; and (2) Granting in Part Motion to Preserve Evidence, 11-3-25 (Not obtained)	
(Omitted from docket - no item #160)	
Stipulated Order: (1) Setting aside October 20, 2025 Order Granting Motion to Preserve Evidence; and (2) Granting in Part Motion to Preserve Evidence, 11-4-25	https://andreaburkhart.substack.com/api/v1/file/e0f27b7f-71b3-47f1-8a3a-ab9914ea4c7d.pdf
Return of Electronic Notification, 11-4-25 (Not obtained)	
Return of Electronic Notification, 11-5-25 (Not obtained)	
Motion for Limited Intervention and Request for Notice of Motions to Close, Seal, or Reclassify, 11-5-25	https://andreaburkhart.substack.com/api/v1/file/6394bb41-c683-4649-938b-b71b7c1e135d.pdf
(Previously omitted) Request And Order For Electronic Media Coverage of Court Proceedings, 10-27-25 (Not obtained)	
State’s Motion to Amend or Clarify Court’s Pre-Trial and Trial Publicity Order (Dkt. #23), 11-6-25	https://andreaburkhart.substack.com/api/v1/file/8189bd29-a134-46e7-9985-659715c22cef.pdf
Return of Electronic Notification, 11-6-25 (Not obtained)	
Defendant Tyler James Robinson s Response to Request for Notice of Motion to Close Judicial Proceedings and Records, 11-10-25	https://andreaburkhart.substack.com/api/v1/file/8aa73f57-79a1-411d-8977-9323a17a0bed.pdf
Return of Electronic Notification, 11-10-25 (Not obtained)	
Order Requiring Parties to Serve All Closure of Reclassification Motions on the Media, 11-13-25	https://andreaburkhart.substack.com/api/v1/file/cd6d864c-ac14-4a06-ab6b-94571ba8f823.pdf
Order for Transcript of October 24, 2025 Hearing, 11-13-25	https://andreaburkhart.substack.com/api/v1/file/9e7215ff-98ec-4958-a5ce-a6e02fe690fd.pdf
Media’s Notice of Service re Motion to Classify Transcript and Audio Filed November 3, 2025, 11-13-25	https://andreaburkhart.substack.com/api/v1/file/6a7caa98-d97c-4db6-aaaf-ea91b4a8b2cb.pdf
Return of Electronic Notification, 11-13-25 (Not obtained)	
(Omitted from docket - no item #175)	
Return of Electronic Notification, 11-14-25 (Not obtained)	
Approved Request and Order for Electronic Media Coverage of Court Proceedings, 11-14-25	https://andreaburkhart.substack.com/api/v1/file/b2d2495e-5f44-4b4c-b2e2-8d3b2b61e786.pdf
Not Signed Order (Proposed) Granting Motion to Order Transcript and Classify, 11-14-25	https://andreaburkhart.substack.com/api/v1/file/1baa2009-69b5-4c72-8509-60b97659fa37.pdf
Return of Electronic Notification, 11-15-25 (Not obtained)	
Request and Order for Electronic Media Coverage of Court Proceedings, 11-14-25	https://andreaburkhart.substack.com/api/v1/file/f0b798d0-7cfc-427b-ac43-1d5a6afb6a89.pdf
(Omitted from docket - no item #182)	
(Omitted from docket - no item #183)	
Return of Electronic Notification, 11-18-25 (Not obtained)	
Defendant Tyler James Robinson’s Response to Proposed Media Intervenors Motion for Limited Intervention and Request for Notice of Motions to Close, Seal, or Reclassify, 11-19-25	https://andreaburkhart.substack.com/api/v1/file/9119f8b7-99de-4ca3-acbc-5379ed75affe.pdf
Return of Electronic Notification, 11-19-25 (Not obtained)	
State’s Response to Motion for Limited Intervention and Request for Notice of Motions to Close, Seal, or Reclassify, 11-19-25	https://andreaburkhart.substack.com/api/v1/file/4c1f4a1f-a77a-4deb-8e4c-5f92a3a3f48e.pdf
Notice for Case 251403576, 11-20-25	https://andreaburkhart.substack.com/api/v1/file/395e8c78-185e-4e82-a706-727b27e9d0d8.pdf
Objection to State’s Motion to Amend or Clarify Court’s Pre-Trial and Trial Publicity Order, 11-20-25	https://andreaburkhart.substack.com/api/v1/file/44c5e7eb-398e-440a-adea-61c6c1fb748a.pdf
Return of Electronic Notification, 11-20-25 (Not obtained)	
Return of Electronic Notification, 11-21-25 (Not obtained)	
Request and Order for Electronic Media Coverage of Court Proceedings, 11-21-25	https://andreaburkhart.substack.com/api/v1/file/37465370-77b3-439f-bf91-e81f7fcc7df3.pdf
Request and Order for Electronic Media Coverage of Court Proceedings, 11-21-25	https://andreaburkhart.substack.com/api/v1/file/e2721a6c-2610-4e95-89ee-79b769a309a7.pdf
Order to Transport, 11-21-25	https://andreaburkhart.substack.com/api/v1/file/81a49c78-ef38-4e56-be76-42cc597612c2.pdf
Return of Electronic Notification, 11-22-25 (Not obtained)	
Motion for Limited Intervention, 11-24-25	https://andreaburkhart.substack.com/api/v1/file/9479186a-47db-4d10-b135-a4e9dd1d3192.pdf
Reply in Support of Motion for Limited Intervention (Proposed Media Intervenors), 11-26-25	https://andreaburkhart.substack.com/api/v1/file/59f92197-6e7a-446d-ae98-8432b19b2b9f.pdf
Return of Electronic Notification, 11-26-25 (Not obtained)	
(Omitted from docket - no item #201)	
(Previously omitted) Letter From Supreme Court Of Utah, 11-17-25	https://andreaburkhart.substack.com/api/v1/file/e7bd7842-8138-4273-bcad-be29afa0370d.pdf
Request/Notice to Submit State’s Motion to Amend or Clarify Court’s Pre-Trial and Trial Publicity Order (Dkt. #23), 11-28-25 (Not obtained)	
Reply Supporting State’s Motion to Amend or Clarify Court’s Pre-Trial and Trial Publicity Order (Dkt. #23), 11-28-25	https://andreaburkhart.substack.com/api/v1/file/0772be98-2e34-49ac-b054-45ddd0b69713.pdf
Return of Electronic Notification, 11-28-25 (Not obtained)	
Return of Electronic Notification, 11-29-25 (Not obtained)	
Request/Notice to Submit Request to Submit for Decision Motion for Limited Intervention Doc. 165, 12-3-25 (Not obtained)	
Return of Electronic Notification, 12-3-25 (Not obtained)	
Joint Status Report of the Parties Concerning the Redaction of Portions of the Transcript of the October 24, 2025 Sealed Hearing, 12-4-25	https://andreaburkhart.substack.com/api/v1/file/2035a328-d74d-44cc-98c3-5e165253d8a1.pdf
Return of Electronic Notification, 12-4-25 (Not obtained)	
UOVC Restitution Notice Claim #1113665, 12-5-25	https://andreaburkhart.substack.com/api/v1/file/2617e2f3-c35a-4c15-ba05-4c61b475922a.pdf
Return of Electronic Notification, 12-5-25 (Not obtained)	
Defendant Tyler James Robinson’s Response to the Motion for Limited Intervention of Deseret News, et al. (Dkt 197), 12-8-25	https://andreaburkhart.substack.com/api/v1/file/d32b098a-eedf-4acd-9ecf-0d1741400180.pdf
Return of Electronic Notification, 12-8-25 (Not obtained)	
Request and Order for Electronic Media Coverage of Court Proceedings, 12-8-25	https://andreaburkhart.substack.com/api/v1/file/b76d3bbe-f81b-455f-a678-1d5c77515f7a.pdf
Motion for Leave to File Overlength Memorandum, 12-8-25 (Not obtained)	
Request/Notice to Submit Motion for Leave to File Overlength Memorandum, 12-8-25 (Not obtained)	
Order (Proposed) Granting Motion for Leave to File Overlength Memorandum, 12-8-25 (Not obtained)	
Media Intervenors Memorandum Opposing Stipulated Motion to Classify as Private the Transcript and Audio of October 24, 2025 Hearing, 12-8-25	https://andreaburkhart.substack.com/api/v1/file/8f6eac89-c654-43d6-89da-3ca86d390941.pdf
Request and Order for Electronic Media Coverage of Court Proceedings, 12-8-25	https://andreaburkhart.substack.com/api/v1/file/fb1011e5-3415-4a54-9fc3-a3a570490bc4.pdf
Return of Electronic Notification, 12-9-25 (Not obtained)	
Request/Notice to Submit Motion for Limited Intervention, 12-9-25 (Not obtained)	
Order (Proposed) Granting Motion for Limited Intervention, 12-9-25 (Not obtained)	
Defendant Tyler James Robinson’s Reply to Media’s Memorandum Opposing Stipulated Motion to Classify as Private the Transcript and Audio of October 24, 2025, 12-9-25	https://andreaburkhart.substack.com/api/v1/file/6c3d8e5c-cd44-46f6-b376-7344574b1ff9.pdf
State’s Reply Supporting Stipulated Motion to Classify Transcript and Audio as Private, 12-9-25	
Return of Electronic Notification, 12-10-25 (Not obtained)	
**** PRIVATE **** Motion to Classify Motion to Disqualify as Private and Request for Closed Hearing, 12-10-25	
**** PRIVATE **** Request to Submit Motion to Classify Motion to Disqualify as Private and Request for Closed Hearing, 12-10-25	
**** PRIVATE **** Order (Proposed) Order Classifying Motion to Disqualify as Private Pending Closure Hearing, 12-10-25	
**** PRIVATE **** Non-Public Information Motion to Disqualify and Exhibits, 12-10-25	
Return of Electronic Notification, 12-12-25 (not obtained)	
Ruling and Order Granting State’s Motion to Clarify Court’s Pretrial and Trial Publicity Order, 12-15-25	https://andreaburkhart.substack.com/api/v1/file/fc16c126-5152-47c2-b0c9-ef1670c9994d.pdf
Order Granting Motion for Leave to File Overlength Memorandum, 12-15-25 (Not obtained)	
Return of Electronic Notification, 12-15-25 (Not obtained)	
Return of Electronic Notification, 12-16-25 (Not obtained)	
Motion to Order Transcript and Temporarily Classify Transcript and Audio as Private, 12-17-25	https://andreaburkhart.substack.com/api/v1/file/b81d5e41-98c2-43ed-9577-5ba267c38c97.pdf
Request/Notice to Submit Request to Submit Motion to Order Transcript and Temporarily Classify (Dec 11 2025 Hearing), 12-17-25 (Not obtained)	
(Proposed) Order on Motion to Order Transcript and Temporarily Classify (Dec 11 2025 Hearing), 12-17-25 (Not obtained)	
Return of Electronic Notification, 12-17-25 (Not obtained)	
(Public Version) Motion to Disqualify, 12-17-25	https://andreaburkhart.substack.com/api/v1/file/da482a5c-24b4-47e2-9faa-98ffd2e82098.pdf
Order on Motion to Order Transcript and Temporarily Classify (Dec. 11, 2025 Hearing), 12-19-25 (Not obtained)	
Return of Electronic Notification, 12-19-25 (Not obtained)	
Order Classifying Motion to Disqualify as Private Pending Closure Hearing, 12-19-25 (Not obtained)	
**** PRIVATE **** TRANSADMIN TRANSCRIPT for Hearing 12-11-2025, 12-19-25 (Not obtained)	
Return of Electronic Notification, 12-20-25 (Not obtained)	
Certificate of Service, 12-22-25 (Not obtained)	
Return of Electronic Notification, 12-22-25 (Not obtained)	
Request and Order for Electronic Media Coverage of Court Proceedings, 12-23-25	https://andreaburkhart.substack.com/api/v1/file/3f25a9a6-ea7f-4ddd-aff3-b25f2f276ee6.pdf
Return of Electronic Notification, 12-24-25 (Not obtained)	
(Omitted from docket - no item #262)	
REVIEW/ORAL ARGUMENT, 12-24-25	https://andreaburkhart.substack.com/api/v1/file/1a0f2948-be7f-476e-833b-f7b6b525f643.pdf
Return of Electronic Notification, 12-25-25 (Not obtained)	
(Previously omitted) Standing Decorum Order Effective December 23, 2025, 12-23-25 (Not obtained)	
Ruling and Order re Stipulated Motion to Classify Transcript and Audio as Private, 12-29-25	https://andreaburkhart.substack.com/api/v1/file/6ffe6f26-085b-400a-92f1-f10ad6100f98.pdf
Order Denying the Media’s Request to Intervene, and Standing Order for Rule 4-202.04 Notice of Motions for Classification, 12-29-25	https://andreaburkhart.substack.com/api/v1/file/07006b0e-93fc-447f-93a7-f9dd52396e68.pdf
Transcript of October 24, 2025 Hearing (Redacted Transcript), 12-29-25	https://andreaburkhart.substack.com/api/v1/file/fb25b527-dd12-4b5b-9194-33ee893ef346.pdf
Not Signed Order (Proposed) Granting Motion for Limited Intervention, 12-29-25 (Not obtained)	
Return of Electronic Notification, 12-29-25 (Not obtained)	
Return of Electronic Notification, 12-30-25 (Not obtained)	
(Omitted from docket - no item #272)	
(Omitted from docket - no item #273)	
Return of Electronic Notification, 1-1-26 (Not obtained)	
Request/Notice to Submit Request to Submit Motion for Overlength Memo (Opp to Mot to Disq), 1-5-26 (Not obtained)	
Motion for Leave to File Overlength Memorandum, 1-5-26 (Not obtained)	
Proposed Order Granting Leave to Fil Overlength Memo (Opp to Mot to Disq), 1-5-26 (Not obtained)	
Return of Electronic Notification, 1-5-26 (Not obtained)	
***PRIVATE*** Non Public - Opposition to Defendant’s Motion to Disqualify the Utah County Attorney’s Office, 1-5-26 (Not obtained)	
***PRIVATE*** Non-Public Information Partial Reply to Opposition to Motion to Disqualify Request to Take Evidence, 1-8-26 (Not obtained)	
***PRIVATE*** Non-Public Information Acceptance of Service (All), 1-8-26 (Not obtained)	
Return of Electronic Notification, 1-8-26 (Not obtained)	
(Previously filed as private) Defendant Motion Filed Jan 9, 2026 wExhibits, 1-9-26	https://andreaburkhart.substack.com/api/v1/file/32f5d075-32a0-49c7-b5a8-aff3a440e6b9.pdf
***PRIVATE*** Motion to Classify as Private Defendant’s Motion Filed Jan 9 2026 wExhibits, 1-9-26 (Not obtained)	
***PRIVATE***Request/Notice to Submit Motion to Classify Jan 9 2026 Motion, 1-9-26 (Not obtained)	
***PRIVATE*** Order (Proposed) on Motion to Classify as Private Jan 9 2026, 1-9-26 (Not obtained)	
Return of Electronic Notification, 1-9-26 (Not obtained)	
Opposition to Defendant’s Motion to Disqualify the Utah County Attorney’s Office, 1-10-26	https://andreaburkhart.substack.com/api/v1/file/68d7b85b-b45e-4374-9d51-fb7fa5cbc9c1.pdf
Return of Electronic Notification, 1-10-26 (Not obtained)	
Subpoena for Sgt. David Hull, 1-12-26	https://andreaburkhart.substack.com/api/v1/file/d87741ae-8f5c-458a-b9ed-3582d6796ff4.pdf
Return of Electronic Notification, 1-12-26 (Not obtained)	
Partial Reply to Opposition to Motion to Disqualify (Public), 1-12-26	https://andreaburkhart.substack.com/api/v1/file/fcbf1865-ca6a-4aaa-af0f-eca11cedcb16.pdf
Order on Motion to Classify as Private Jan 9 2026, 1-12-26 (Not obtained)	
Proposed Order Granting Leave to File Overlength Memo (Opp to Mot to Disq), 1-13-26 (Not obtained)	
Return of Electronic Notification, 1-13-26 (Not obtained)	
Order to Transport (Hearing 1/16/26), 1-13-26 (Not obtained)	
Return of Electronic Notification, 1-14-26 (Not obtained)	
(Previously omitted) Order To Transport, 10-21-25 (Not obtained)	
News Media’s Memorandum Opposing Motion to Classify Defendant’s Motion filed January 9, 2026, 1-15-26	https://andreaburkhart.substack.com/api/v1/file/76684818-d964-4ff5-97da-aa2eb0b9f6bf.pdf
Return of Electronic Notification, 1-15-26 (Not obtained)	
Return of Electronic Notification, 1-16-26 (Not obtained)	
**** PRIVATE **** Non-Public Information Motion to Exclude Cameras, 1-16-26 (Not obtained)	
Motion for Overlength (Motion to Exclude), 1-16-26 (Not obtained)	
Request/Notice to Submit Request to Submit Motion for Overlength, 1-16-26 (Not obtained)	
(Proposed) Order on Motion for Overlength, 1-16-26 (Not obtained)	
Motion to Classify (Motion to Exclude), 1-16-26	https://andreaburkhart.substack.com/api/v1/file/28293317-8c84-4aac-aa7c-664037308841.pdf
Request/Notice to Submit Motion to Classify (Motion to Exclude), 1-16-26 (Not obtained)	
(Proposed) Order on Motion to Classify (Motion to Exclude, 1-16-26 (Not obtained)	
(Corrected) Motion for Overlength (Motion to Exclude), 1-16-26 (Not obtained)	
Victim Representative’s Invocation of the Speedy Trial Act, 1-16-26	https://andreaburkhart.substack.com/api/v1/file/4bc4e246-f20c-4b75-be20-874a7022aa0b.pdf
Request and Order for Electronic Media Coverage of Court Proceedings, 1-22-26	https://andreaburkhart.substack.com/api/v1/file/b374e5a6-c74c-47a0-8197-e7df8e199e38.pdf
Reply in Support of Motion to Classify as Private - Jan 9, 1-22-26	https://andreaburkhart.substack.com/api/v1/file/10dc3c82-9476-44ed-8763-abbca2a4c535.pdf
Return of Electronic Notification, 1-22-26 (Not obtained)	
Return of Electronic Notification, 1-23-26 (Not obtained)	
News Media’s Memorandum Opposing Motion to Classify re: Motion to Exclude Cameras (Filed January 16, 2026), 1-23-26	https://andreaburkhart.substack.com/api/v1/file/ab312dd5-200e-44b5-8004-7c12d11b7f2e.pdf
New Media’s Motion to Amend Standing Order for Rule 4-202.04 Notice of Motions for Classification, 1-23-26	https://andreaburkhart.substack.com/api/v1/file/88c338f3-3016-482b-9f6a-0ac76fe934b3.pdf
(Proposed) Order Amending Standing Order for Rule 4-202.01 Notice of Motions for Classification, 1-23-26 (Not obtained)	
Order on Motion for Overlength, 1-26-26 (Not obtained)	
Return of Electronic Notification, 1-26-26 (Not obtained)	
Defendant Tyler James Robinson’s Notice of Objection to the State of Utah’s Proposed Exhibit 4.1; Memorandum of Points and Authorities, 1-27-26	https://andreaburkhart.substack.com/api/v1/file/a6064f13-11e1-40d9-8a74-e875c2acc955.pdf
Return of Electronic Notification, 1-27-26 (Not obtained)	
TRANSADMIN TRANSCRIPT for Hearing 1-16-26, 1-28-26 (Not obtained)	
Request and Order for Electronic Media Coverage and Court Proceedings, 1-28-26	https://andreaburkhart.substack.com/api/v1/file/3774401d-b31c-492c-8764-d4a4146a52a2.pdf
Return of Electronic Notification, 1-29-26 (Not obtained)	
News Media’s Motion for Attorneys Eyes Only Access to Closure Motions, 1-29-26	https://andreaburkhart.substack.com/api/v1/file/62941687-b4aa-4fba-8367-86286211a32b.pdf
News Media’s Motion for Leave to File Sur-Reply Opposing Motion to Classify Defendant’s Motion filed January 9, 2026, 1-29-26 (Not obtained)	
News Media’s Sur-Reply Opposing Motion to Classify Defendant’s Motion Filed January 9, 2026, 1-29-26	https://andreaburkhart.substack.com/api/v1/file/d390922b-2497-4f5c-b91c-7207854e2996.pdf
Request/Notice to Submit (Amended) re Defendant’s Motion to Classify Defendant’s Motion filed January 9, 2026 (Not obtained)	
State’s Opposition to Motion to Classify Defendant’s Motion Filed January 9, 2026 as Private, 1-29-26	https://andreaburkhart.substack.com/api/v1/file/ae1e9158-e763-4b70-86c1-fa1c342cca6b.pdf
Memorandum in Response to Defendant’s Objection to Exhibit 4.1, 1-29-26	https://andreaburkhart.substack.com/api/v1/file/1c9f8c95-2457-4b02-855d-6ed13e10ed40.pdf
Return of Electronic Notification, 1-30-26 (Not obtained)	
Defendant’s Reply in Support of Motion to Classify Motion to Exclude, 1-30-26	https://andreaburkhart.substack.com/api/v1/file/0ec57362-51b4-4e17-b236-88b3d10b2529.pdf
State’s Opposition to Defendants Motion to Classify Motion to Exclude Still Photographers, TV Cameras and Microphones from the Courtroom as Private, 1-30-26	https://andreaburkhart.substack.com/api/v1/file/944dab81-b617-40f4-8f28-48b8818da35e.pdf
Defendant Tyler Robinson’s Renewed Request that this Court Refer the Motion to Disqualify to the Utah Attorney General Pursuant to Utah Code 17-68-304; Memorandum of Points and Authorities, 1-30-26	https://andreaburkhart.substack.com/api/v1/file/ec2b265d-63ce-43d6-a92f-197dc19ae626.pdf
Opposition to Motion to Exclude Cameras (Provisional Opposition Filed by the News Media), 1-30-26	https://andreaburkhart.substack.com/api/v1/file/ccd4dc83-c116-4aaa-8b8a-faacd97c6ef3.pdf
State’s Motion for Leave to File Overlength Memorandum, 1-30-26 (Not obtained)	
State’s Memorandum Opposing Defendant’s Motion to Exclude Still Photographers, TV Cameras and Microphones from the Courtroom, 1-30-26	https://andreaburkhart.substack.com/api/v1/file/d9e1bdaa-a4b4-4c08-80c9-4a0b6ab422fe.pdf
Attachment A, 1-30-26	https://andreaburkhart.substack.com/api/v1/file/4f8c1f2a-b3ac-4b45-a105-5b3dd5d64afa.pdf
Attachment B, 1-30-26	https://andreaburkhart.substack.com/api/v1/file/8e8a4d54-873e-45c4-a042-6b468fa293ba.pdf
Attachment C, 1-30-26	https://andreaburkhart.substack.com/api/v1/file/3861f773-b15e-4c78-b0cf-e715c45d1f43.pdf
Attachment D, 1-30-26	https://andreaburkhart.substack.com/api/v1/file/1751f102-7898-4fe3-959c-825b31ef0b16.pdf
Attachment E, 1-30-26	https://andreaburkhart.substack.com/api/v1/file/057ecd8c-a30c-4440-86cd-02463fb10835.pdf
Attachment F, 1-30-26	https://andreaburkhart.substack.com/api/v1/file/05c9d977-32a9-46b5-87b0-ac0f4b184c10.pdf
Attachment G, 1-30-26	https://andreaburkhart.substack.com/api/v1/file/e724be25-6360-4cfa-88ea-16013589a1ba.pdf
Attachment H, 1-30-26	https://andreaburkhart.substack.com/api/v1/file/b07e1145-662a-46fa-88aa-2d21eb8d32c0.pdf
Attachment H, 1-30-26 (*Not a duplicate, the item is misnumbered*)	https://andreaburkhart.substack.com/api/v1/file/6661f07e-e6fb-4ef1-999b-32184875ae6c.pdf
State’s Opposition to Defendant’s Renewed Request to Refer the Motion to Disqualify to the Utah Attorney General, 2-2-26	https://andreaburkhart.substack.com/api/v1/file/be4f17cb-1acd-4e53-996f-93bf8e392046.pdf
Return of Electronic Notification, 2-2-26 (Not obtained)	
Proffer of Facts re Closure of Portions of Evidentiary Hearing on Motion to Disqualify UCAO, 2-2-26	https://andreaburkhart.substack.com/api/v1/file/b16f249c-7d31-461c-a3ca-ad812badf47b.pdf
Notice Concerning Media Access, 2-2-26	https://andreaburkhart.substack.com/api/v1/file/5f56b82f-aa8c-4045-9a16-38ad887c4c4a.pdf
Order for Transport, 2-3-26	https://andreaburkhart.substack.com/api/v1/file/ccd8bd8d-f6f9-41ba-a785-84829d2a2393.pdf
Return of Electronic Notification, 2-4-26 (Not obtained)	
Defendant’s Response to News Media’s Motion to Amend Standing Order for Rule 4-202.04 Notice of Motions for Classification, 2-4-26	https://andreaburkhart.substack.com/api/v1/file/ab22db3f-f62d-43fd-bf85-7e0436eabeb8.pdf
State’s Response to News Media’s Motion to Amend Standing Order for Rule 4-202.04 Motions for Classification, 2-5-26	https://andreaburkhart.substack.com/api/v1/file/1fea5c3c-9ed6-43fb-b179-5b196740591d.pdf
Return of Electronic Notification, 2-5-26 (Not obtained)	
Defendant’s Reply to State’s Opposition to Motion to Classify Defendant’s Motion Filed Jan 9, 2026 as Private, 2-5-26	https://andreaburkhart.substack.com/api/v1/file/f0671aeb-00df-4c18-b263-05f45bc33599.pdf
Request/Notice to Submit News Media’s Motion to Amend Standing Order for Rule 4-202.04 Notice of Motions for Classification, 2-5-26 (Not obtained)	
Not Signed (Proposed) Amended Standing Order for Rule 2-202.04 Notice of Motions for Classification, 2-6-26 (Not obtained)	
Not Signed (Proposed) Order on Motion to Classify (Motion to Exclude), 2-6-26 (Not obtained)	
Return of Electronic Notification, 2-6-26 (Not obtained)	
Reply to State’s Opposition to Motion to Classify Motion to Exclude Cameras, 2-6-26	https://andreaburkhart.substack.com/api/v1/file/bdc3d47d-c108-4dde-baa8-089f8de0f747.pdf
Memorandum State’s Response to News Media’s Motion for Attorney’s Eyes Only Access to Closure Motions, 2-6-26	https://andreaburkhart.substack.com/api/v1/file/6f183768-3636-492b-9732-d675fd399542.pdf
Notice of Lodging: Redacted 12112025 Hearing Transcript, 2-10-26 (Not obtained)	
**** SEALED **** Filed: 12112025 Hearing Transcript Redacted, 2-10-26 (Not obtained)	
Return of Electronic Notification, 2-10-26 (Not obtained)	
Opposition to Defendant Tyler James Robinson s Memorandum in Opposition to News Media s Motion for Attorneys Eyes Only Access to Closure Motions, 2-12-26	https://andreaburkhart.substack.com/api/v1/file/a5798218-ceed-4e59-88f4-91d934a7be23.pdf
Return of Electronic Notification, 2-12-26 (Not obtained)	
Request/Notice to Submit News Media s Motion for Attorneys Eyes Only Access to Closure Motions, 2-12-26 (Not obtained)	
Request and Order for Electronic Media Coverage of Court Proceedings, 2-19-26 (Not obtained)	
Return of Electronic Notification, 2-20-26 (Not obtained)	
**** PRIVATE **** Filed: Non-Public Information Reply in Support of Motion to Exclude Still Photographers, TV Cameras and Microphones from the Courtroom (Evidentiary Hearing Requested), 2-20-26 (Not obtained)	
**** PRIVATE **** Filed: Motion to Classify Motion to Classify Reply in Support of Motion to Exclude, 2-20-26 (Not obtained)	
**** PRIVATE **** Filed: Motion for Permission to File Over-Length: Reply in Support of Motion to Exclude, 2-20-26 (Not obtained)	
**** PRIVATE **** Filed: Request/Notice to Submit Request to Submit Motion for Permission to File Over-Length Reply in Support of Motion to Exclude, 2-20-26 (Not obtained)	
**** PRIVATE **** Filed: Order (Proposed) Order on Motion for Permission to File Over-Length Reply in Support of Motion to Exclude, 2-20-26 (Not obtained)	
Correction to Certificate of Service, 2-20-26 (Not obtained)	
(Previously omitted from docket) Appellate Court Document (Order), 1-2-26	https://andreaburkhart.substack.com/api/v1/file/e1561109-a74b-4ab8-b52f-909b93c338b4.pdf
Return of Electronic Notification, 2-21-26 (Not obtained)	
Order to Appear for Hearing, 2-23-26	https://andreaburkhart.substack.com/api/v1/file/9351ae05-a0af-450c-8b7d-a17c72237960.pdf
Order on Motion for Permission to File Overlength Reply in Support of Motion to Exclude, 2-23-26 (Not obtained)	
Return of Electronic Notification, 2-23-26 (Not obtained)	
Exhibit List - In Person Oral Argument, 2-23-26	https://andreaburkhart.substack.com/api/v1/file/61123e99-45df-4864-8da8-43052de135e6.pdf
Oral Argument / Evidentiary Hearing, 2-23-26	https://andreaburkhart.substack.com/api/v1/file/c63cfbe8-d75a-4039-8a33-1394254f5963.pdf
Standing Decorum Order, Effective February 24, 2026, 2-23-26	https://andreaburkhart.substack.com/api/v1/file/e0ccb441-480f-49ab-8eb7-169236c7dd9a.pdf
Order on February 3, 2026 Hearing Transcript, 2-23-26	https://andreaburkhart.substack.com/api/v1/file/32c06a8c-15f9-4ed8-a841-636df8a3c87c.pdf
Standing Order on Redacting and Filing Transcripts, 2-23-26	https://andreaburkhart.substack.com/api/v1/file/ba670989-d96c-400a-93c1-2b4fa90beeb5.pdf
Rulings and Orders Granting News Media’s Motion to Amend Standing Order for Rule 4-202.04 Notice of Motions for Classification; Granting News Media’s Motion for Attorneys Eyes Only Access to Closure Motions; and Amended Standing Order, 2-23-26	https://andreaburkhart.substack.com/api/v1/file/36ca3e73-f1ca-4100-9fd8-c4b814ddbe71.pdf
Return of Electronic Notification, 2-24-26 (Not obtained)	
Filed: TRANSADMIN TRANSCRIPT for Hearing 02-03-2026, 2-24-26 (Not obtained)	
Ruling and Order Denying Defendant’s Motion to Disqualify Utah County Attorney’s Office, 2-24-26	https://andreaburkhart.substack.com/api/v1/file/1aaa9b97-b203-47f7-9033-71228f43ed5f.pdf
Return of Electronic Notification, 2-25-26 (Not obtained)	
Request for Copy of Audio Records, 2-25-26	
(Previously omitted) Appellate Court Document - Notice of Decision, 1-5-26	https://andreaburkhart.substack.com/api/v1/file/aad806d3-c6f2-4d04-bbc0-540353624552.pdf
Return of Electronic Notification, 2-26-26 (Not obtained)	
Defendant Tyler James Robinson s Motion to Close Portions of the April 17, 2026 Evidentiary Hearing, 2-26-26	https://andreaburkhart.substack.com/api/v1/file/c2978d77-8ba4-4251-953c-3ab81eae445b.pdf
Fee Payment, 3-3-26 (Not obtained - admin entry only)	
Return of Electronic Notification, 3-6-26 (Not obtained)	
News Media Memorandum Opposing Motion to Classify Reply in Support of Motion to Exclude Cameras, 3-6-26	https://andreaburkhart.substack.com/api/v1/file/068c3b71-4343-4a4b-afce-559562ab244e.pdf
State’s Opposition to Defendant s Motion to Classify Reply in Support of Motion to Exclude Still Photographers, TV Cameras and Microphones from the Courtroom as Private, 3-6-26	https://andreaburkhart.substack.com/api/v1/file/b1fc36a6-65cf-4209-b67a-4c87fdcba738.pdf
Order To Transport (3/13/2026), 3-9-26 (Not obtained)	
Return of Electronic Notification, 3-10-26 (Not obtained)	
Request and Order for Electronic Media Coverage of Court Proceedings, 3-10-26	https://andreaburkhart.substack.com/api/v1/file/b8a890d8-2246-4d17-bc63-bf34f9cd9daf.pdf
News Media Motion to Classify Supplemental Memorandum Opposing Motion to Classify Defendants Motion Filed January 9, 2026, 3-10-26	https://andreaburkhart.substack.com/api/v1/file/b06e3ddd-be8c-4163-aaed-0fb3cd746c44.pdf
Request/Notice to Submit News Media Motion to Classify Supplemental Memorandum Opposing Motion to Classify Defendants Motion Filed January 9, 2026, 3-10-26 (Not obtained)	
(Proposed) Proposed Order Granting News Media Motion to Classify Supplemental Memorandum Opposing Motion to Classify Defendants Motion Filed January 9, 2026, 3-10-26 (Not obtained)	
News Media Supplemental Opposition to Motion to Exclude Cameras, 3-10-26	https://andreaburkhart.substack.com/api/v1/file/539e8032-c1b6-4852-8043-ecfdbadef775.pdf
Return of Electronic Notification, 3-11-26 (Not obtained)	
Request/Notice to Submit for Decision Defendant s Motion to Classify Defendant s Motion Filed January 9, 2026 as Private, 3-11-26 (Not obtained)	
UOVC Restitution Notice Claim#1113572, 3-11-26	https://andreaburkhart.substack.com/api/v1/file/a8244e4b-1642-4be9-a392-1fb8cdc69e14.pdf
Request and Order for Electronic Media Coverage of Court Proceedings, 3-11-26	https://andreaburkhart.substack.com/api/v1/file/3ea0db71-7cf5-44f8-aee9-9b23c497e434.pdf
State’s Response to Defendant s Motion to Close Portions of the April 17, 2026 Evidentiary Hearing, 3-11-26	https://andreaburkhart.substack.com/api/v1/file/b034227f-cb3a-4e3e-88f5-a4344b780e6d.pdf
Return of Electronic Notification, 3-12-26 (Not obtained)	
**** PRIVATE **** Filed: News Media Memorandum Opposing Motion to Close Portions of the April 17, 2026 Evidentiary Hearing, 3-12-26 (Not obtained, not available)	
(Previously omitted) New Media's Supplemental Memorandum Opposing Motion To Classify Defendant's Motion Filed January 9, 2026, 3-10-26	https://andreaburkhart.substack.com/api/v1/file/e95c0d04-ce2d-4d86-be4f-7dabb5353be0.pdf
(Omitted from docket - no item #454)	
(Omitted from docket - no item #455)	
Proposed Order Granting News Media Motion to Classify Supplemental Memorandum Opposing Motion to Classify Defendants Motion Filed January 9, 2026, 3-12-26 (Not obtained)	
Return of Electronic Notification, 3-13-26 (Not obtained)	
(Omitted from docket - No Item #459)	
Rulings And Orders On Classification And Closure Motions, 3-13-26	
Return of Electronic Notification, 3-14-26 (Not obtained)	
Notice of Expert (Dr. Ruva), 3-18-26	https://andreaburkhart.substack.com/api/v1/file/0def5484-b2a1-42c3-a23a-3d73c9b748fd.pdf
Return of Electronic Notification, 3-18-26 (Not obtained)	
(Omitted from docket - No Item #464)	
Return of Electronic Notification, 3-20-26 (Not obtained)	
Defendant Tyler James Robinson’s Motion to Vacate or Continue Preliminary Hearing with Addenda, 3-27-26	https://andreaburkhart.substack.com/api/v1/file/068f64e9-aae3-4e36-a358-9e542302e47d.pdf
Return of Electronic Notification, 3-27-26 (Not obtained)	
(Redacted) Motion to Exclude Still Photographers, TV Cameras and Microphones from the Courtroom, 3-30-26	https://andreaburkhart.substack.com/api/v1/file/f43b97a3-1b00-4aac-bc1b-f6a377d72dc2.pdf
Return of Electronic Notification, 3-30-26 (Not obtained)	
Return of Electronic Notification, 3-31-26 (Not obtained)	https://andreaburkhart.substack.com/api/v1/file/68bca24b-3edf-4b5b-8405-d8f0110e425e.pdf
Notice of Subpoena Duces Tecum (Utah County Sheriff s Department), 4-1-26	
Return of Electronic Notification, 4-1-26 (Not obtained)	
Order to Transport, 4-3-26 (Not obtained)	
Request for Discovery Defendant Tyler James Robinson s Supplemental Request for Discovery, 4-3-26	https://andreaburkhart.substack.com/api/v1/file/e31bfd92-5c97-4c40-9a11-0ea7718403f4.pdf
Return of Electronic Notification, 4-3-26 (Not obtained)	
Memorandum in Opposition to Defendant’s Motion to Vacate the May 18 Preliminary Hearing (dckt 466), 4-3-26	https://andreaburkhart.substack.com/api/v1/file/b5a56212-4efc-416e-9e6e-ff3585bb3912.pdf
Request/Notice to Submit Defendant Tyler James Robinson s Request to Submit Motion to Exclude Cameras, TV Cameras and Microphones from the Courtroom, Oppositions, and Reply (Hearing Scheduled), 4-5-26 (Not obtained)	
Return of Electronic Notification, 4-5-26 (Not obtained)	
Notice of Expert (Dr. Edelman), 4-6-26	https://andreaburkhart.substack.com/api/v1/file/222013c8-a034-40a6-89eb-e8ff768a6d66.pdf
Amended Notice of Exert (Dr. Ruva), 4-6-26	https://andreaburkhart.substack.com/api/v1/file/ca2a36e6-8309-4091-89fe-94a8caf3cb95.pdf
Return of Electronic Notification, 4-6-26 (Not obtained)	
Return of Electronic Notification, 4-7-26 (Not obtained)	
Notice of Appearance as Counsel of Record, 4-8-26	https://andreaburkhart.substack.com/api/v1/file/27e51a7e-f5ad-40e5-b250-4adb0a1787fa.pdf
Motion and Consent of Sponsoring Local Counsel for Pro Hac Vice Admission of Jeffrey A. Neiman, 4-8-26	https://andreaburkhart.substack.com/api/v1/file/d1c10d14-36f0-4452-bc1e-056525cf5f47.pdf
Request/Notice to Submit for Decision Re Motion and Consent of Sponsoring Local Counsel for Pro Hac Vice Admission of Jeffrey A. Neiman, 4-8-26 (Not obtained)	
Order (Proposed) Granting Motion and Consent of Sponsoring Local Counsel for Pro Hac Vice Admission, 4-8-26 (Not obtained)	
Return of Electronic Notification, 4-8-26 (Not obtained)	
Filed: TRANSADMIN TRANSCRIPT for Hearing 03-13-2026, 4-10-26 (Not obtained)	
Filed: TRANSADMIN TRANSCRIPT for Hearing 02-24-2026, 4-10-26 (Not obtained)	
Defendant Tyler James Robinson’s Reply in Support of Motion to Vacate or Continue Preliminary Hearing, 4-10-26	https://andreaburkhart.substack.com/api/v1/file/1f0e47b9-1884-4af8-9218-839d96ab9d56.pdf
Return of Electronic Notification, 4-10-26 (Not obtained)	
State’s Objection to Defendant’s Supplemental Request for Discovery, 4-10-26	https://andreaburkhart.substack.com/api/v1/file/406a33f6-2973-474f-8dc4-242f80aa04f4.pdf
Corrected Notice of Subpoena Duces Tecum to Utah County Sheriff’s Office, 4-13-26 (Not obtained)	
Return of Electronic Notification, 4-13-26 (Not obtained)	
Request and Order for Electronic Media Coverage of Court Proceedings, 4-14-26	https://andreaburkhart.substack.com/api/v1/file/a26bcfa5-ca19-4b16-81f0-586be76591e5.pdf
Order Granting Motion and Consent of Sponsoring Local Counsel for Pro Hac Vice Admission, 4-14-26	https://andreaburkhart.substack.com/api/v1/file/79960456-1553-49f9-bf78-a9bbf806104a.pdf
Return of Electronic Notification, 4-14-26 (Not obtained)	
Return of Electronic Notification, 4-15-26 (Not obtained)	
Motion for OSC for Contempt and Motion to Compel, 4-16-26	https://andreaburkhart.substack.com/api/v1/file/e9c04837-ad73-4c7d-8d0e-dcb1783a51ce.pdf
Declaration of Counsel in Support of OSC, 4-16-26	https://andreaburkhart.substack.com/api/v1/file/efaa1999-45fe-4327-ae89-cb045c016b41.pdf
Return of Electronic Notification, 4-16-26 (Not obtained)	
Return of Electronic Notification, 4-23-26 (Not obtained)	
UOVC Restitution Notice Claim #1113630, 4-27-26	
Return of Electronic Notification, 4-27-26 (Not obtained)	
Opposition to Motion for an Order to Show Cause for Alleged Contempt of Court and for an Order Compelling Discovery Related to the Alleged Contempt, 4-30-26	https://andreaburkhart.substack.com/api/v1/file/4af4647b-3b50-4645-a030-f1cf4b1e87ee.pdf
Return of Electronic Notification, 4-30-26 (Not obtained)	
***Unavailable***Transcript of: Motion Hearing (4/17/26)	
Motion in Limine to Close Portions of Preliminary Hearing and Seal Particular Exhibits, 5-1-26	https://andreaburkhart.substack.com/api/v1/file/13d72bbe-31d6-4684-b2f7-be12a8f0fa3e.pdf
Return of Electronic Notification, 5/1/26 (Not obtained)	
Supplemental Notice re: State’s Evidence at Preliminary Hearing, 5-1-26	https://andreaburkhart.substack.com/api/v1/file/8c8162b3-6009-4ff7-bdc4-6118d303ea0e.pdf
Return of Electronic Notification, 5-1-26 (Not obtained)	
Return of Electronic Notification, 5-2-26 (Not obtained)	
**** PRIVATE **** Non-Public Information Defendant’s Status Report, 5-4-26 (Not obtained)	
Return of Electronic Notification, 5-6-26 (Not obtained)	
(Omitted from docket - No item #120)	
Order to Appear, 5-5-26	https://andreaburkhart.substack.com/api/v1/file/7706944c-d5bd-4b0c-8775-6e00d9bd70bd.pdf
State’s Preliminary Hearing Witness and Exhibit List, 5-6-26	https://andreaburkhart.substack.com/api/v1/file/59f61407-2811-4027-90d5-a611f4d21098.pdf
Defendant Tyler James Robinson’s Motion in Limine to Preclude the Utilization of Art. I sec. 12 and Rule 1102 to Sanction the Admissibility of Hearsay Evidence to Establish Probable Cause at the Prelim, 5-6-26	https://andreaburkhart.substack.com/api/v1/file/f3398ee6-907a-4c70-8563-c9aae27f59d1.pdf
Reply to Opposition to Motion for an Order to Show Cause for Alleged Contempt of Court and for an Order Compelling Discovery Relating to the Alleged Contempt, 5-7-26	https://andreaburkhart.substack.com/api/v1/file/c3538aaa-f964-4d55-af14-cde8e3f72dab.pdf
Return of Electronic Notification, 5/7/26 (Not obtained)	
Request/Notice to Submit Motion for an Order to Show Cause for Alleged Contempt of Court and for an Order Compelling Discovery Relating to the Alleged Contempt, 5-7-26 (Not obtained)	
Return of Electronic Notification, 5-7-26 (Not obtained)	
Objection to Defendant s Motion in Limine to Prelude the Utilization of Article I, Section 12 of the Utah Constitution and Rule 1102 of the Utah Rules of Evidence at the Preliminary Hearing, 5-8-26	https://andreaburkhart.substack.com/api/v1/file/f8cbe917-5fc2-4347-b852-599c60ae6e51.pdf
Objection to Defendant s Motion in Limine to Close Portions of the Preliminary Hearing and Seal Exhibits, 5-8-26	https://andreaburkhart.substack.com/api/v1/file/5a3c8d5d-d384-4355-a543-9b1fe0985ffc.pdf
Return of Electronic Notification, 5-8-26 (Not obtained)	
Ruling and Order on Defendant's Motion to Vacate or Continue Preliminary Hearing Pending Discovery and to Permit Constitutionally Adequate Time for Preparation, 5-8-26	https://andreaburkhart.substack.com/api/v1/file/7f76a6a0-57cd-49e1-9c8a-c6292b92bfb1.pdf
Ruling and Order on Defendant's Motion to Exclude Still Photographers, TV Cameras and Microphones from the Courtroom (Docket 305) and Standing Order on Electronic Media Coverage Requests, 5-8-26	https://andreaburkhart.substack.com/api/v1/file/eae0b483-1222-4fd2-b202-d40ed3c227d3.pdf
Certificate of Service: Notice to Attorney General, 5-8-26 (Not obtained)	
(Omitted from docket - no item # 539)	
Request and Order for Electronic Media Coverage of Court Proceedings, 5-11-26	https://andreaburkhart.substack.com/api/v1/file/caac9a0c-9f5b-4a2e-840c-12586e348fe6.pdf
Return of Electronic Notification, 5-12-26 (Not obtained)	
Ruling on the Record, 5-12-26	https://andreaburkhart.substack.com/api/v1/file/5731f157-5788-4f3e-aed2-3446937b8d0b.pdf
Return of Electronic Notification, 5-13-26 (Not obtained)	
Order to Transport, 5-14-26 (Not obtained)	
Return of Electronic Notification, 5-16-26 (Not obtained)	
Opposition to Defendant’s Motion to Close Portions of Preliminary Hearing and Seal Exhibits, 5-15-26	https://andreaburkhart.substack.com/api/v1/file/bedd7084-99b7-43c4-af6e-4c8ecc932ad0.pdf
Return of Electronic Notification, 5-15-26 (Not obtained)	
State’s Response to Tyler James Robinson’s Motion in Limine, 5-15-26	https://andreaburkhart.substack.com/api/v1/file/680b7731-7d12-4eed-bf10-1a52222e511b.pdf
Corrected State’s Response to Tyler James Robinson’s Motion in Limine, 5-15-26	https://andreaburkhart.substack.com/api/v1/file/bc7b6aad-2192-4a27-ba5d-4679e995a260.pdf
Reply in Support of Motion to Close/Seal Portions of Preliminary Hearing, 5-18-26	https://andreaburkhart.substack.com/api/v1/file/406202df-cf86-426e-b226-3eb36fc69496.pdf
Return of Electronic Notification, 5-18-26 (Not obtained)	
Return of Electronic Notification, 5-20-26 (Not obtained)	
Request and Order for Electronic Media Coverage of Court Proceedings, 5-19-26	https://andreaburkhart.substack.com/api/v1/file/e9c6a582-e908-4530-aa00-77bc1847a6af.pdf
Return of Electronic Notification, 5-21-26 (Not obtained)	
Opposition to Defendant’s Motion to Preclude Hearsay at Preliminary Hearing, 5-27-26	https://andreaburkhart.substack.com/api/v1/file/b472b5cf-d023-4c81-8803-35045f2790f7.pdf
Return of Electronic Notification, 5-27-26 (Not obtained)	
Notice of Filing: Petition for Permission to Appeal from Interlocutory Order, 5-29-26	https://andreaburkhart.substack.com/api/v1/file/ecafa2e9-6b8e-4401-9b1e-5953aba03a40.pdf
Return of Electronic Notification, 5-29-26 (Not obtained)	
Defendant Tyler James Robinson's Motion to Stay Pending Interlocutory Review, 5-31-26	https://andreaburkhart.substack.com/api/v1/file/001dd14c-b3d3-4834-af3b-20974e81ffa7.pdf
Return of Electronic Notification, 5-31-26 (Not obtained)	
Ruling and Order Denying Defendant's Motion in Limine to Close Portions of the Preliminary Hearing Testimony and Seal Preliminary Hearing Exhibits, 6-1-26	https://andreaburkhart.substack.com/api/v1/file/9700aa34-0e22-4710-9d6b-b6ee9740b372.pdf
Ruling and Order Granting Defendant's Motion for Order to Show Cause (Docket 504) and Denying Request to Compel Discovery, 6-1-26	https://andreaburkhart.substack.com/api/v1/file/984fb5c4-62dc-45c3-9baa-c7148a762768.pdf
(Omitted from docket - No item #565)	
(Omitted from docket - No item #566)	
Return of Electronic Notification, 6-2-26 (Not obtained)	
Motion for Permission to File Over-Length Reply in Support of Motion in Limine (re Hearsay), 6-3-26 (Not obtained)	
Request/Notice to Submit Request to Submit Motion for Overlength Reply in Support of Motion in Limine (re Hearsay), 6-3-26 (Not obtained)	
Reply in Support of Defendant’s Motion in Limine to Preclude (re Hearsay), 6-3-26	https://andreaburkhart.substack.com/api/v1/file/5492e14b-cb8e-40e8-8d3e-c2b5217de5fe.pdf
(Proposed) Order on Motion for Overlength Reply in Support of Motion in Limine (re Hearsay), 6-3-26	
Return of Electronic Notification, 6-3-26 (Not obtained)	
Order on Motion for Overlength Reply in Support of Motion in Limine (re Hearsay), 6-5-26 (Not obtained)	
Return of Electronic Notification, 6-5-26 (Not obtained)	
Opposition to Motion to Stay Pending Interlocutory Review, 6-6-26	https://andreaburkhart.substack.com/api/v1/file/4f46316a-b6ee-4fbf-84ed-72a42abe8012.pdf
Return of Electronic Notification, 6-6-26 (Not obtained)	
Order to Transport, 6-8-26 (Not obtained)	
Return of Electronic Notification, 6-9-26 (Not obtained)	
Reply in Support of Defendant Tyler James Robinson’s Motion to Stay Pending Interlocutory Review (Dkt 561), 6-9-26	https://andreaburkhart.substack.com/api/v1/file/1164ecbe-cfcb-454d-ab4a-4c3a306b3a57.pdf
Request/Notice to Submit Defendant Tyler James Robinson’s Motion to Stay Pending Interlocutory Review, 6-9-26 (Not obtained)	
Acceptance of Service (J. Gray), 6-11-26 (Not obtained)	
Acceptance of Service (C. Ballard - Witness), 6-11-26 (Not obtained)	
Acceptance of Service (C Ballard - SDT), 6-11-26 (Not obtained)	
Return of Electronic Notification, 6-11-26 (Not obtained)	
Request/Notice to Submit Motion in Limine to Preclude Hearsay, 6-11-26 (Not obtained)	
UOVC Restitution Notice Claim #1113637, 6-11-26	
(Omitted - No item #591)	
(Omitted - No item #592)	
Return of Electronic Notification, 6-12-26 (Not obtained)	
Utah Attorney General’s Notice of Intent Not to Respond to Constitutional Challenge, 6-12-26	https://andreaburkhart.substack.com/api/v1/file/f06bcb6c-62ca-4682-b592-5da68e58398e.pdf
(Omitted from docket - no item #302)	
Audio Request Media/MP3 Request for Copy of Audio Recording, 6-16-26 (Not obtained)	
Return of Electronic Notification, 6-16-26 (Not obtained)	
Opposition to Application for Certificate of Attendance of Out-of-State Witness, 6-16-26	https://andreaburkhart.substack.com/api/v1/file/c9c3290f-7e98-413d-9d67-c4e99b8bf480.pdf
Order to Appear, 6-17-26	https://andreaburkhart.substack.com/api/v1/file/103496d8-260f-4fba-8ba9-be2bf70a5cbf.pdf
Objection to Defendant s Request to Remove the Death Penalty as a Sanction in the Event the Court Grants the Contempt Motion, 6-17-26	https://andreaburkhart.substack.com/api/v1/file/5029bac1-305d-49de-9846-a0dcd9deb8ff.pdf
Return of Electronic Notification, 6-17-26 (Not obtained)	
Return of Electronic Notification, 6-18-26 (Not obtained)	
Request and Order for Electronic Media Coverage of Court Proceedings, 6-18-26	https://andreaburkhart.substack.com/api/v1/file/d8c2170e-743c-4e1e-befd-a418f7b40bb6.pdf
Request and Order for Electronic Media Coverage of Court Proceedings - Preliminary Hearing, 6-18-26	https://andreaburkhart.substack.com/api/v1/file/138de2ff-cfc4-4770-9df8-00e99d5f1f9d.pdf
Reply in Support of Application for Certificate for Attendance of Out-of-State Witness, 6-18-26	https://andreaburkhart.substack.com/api/v1/file/a4606e96-56ea-401f-811e-6a8f24a6db2b.pdf
Request/Notice to Submit Request to Submit Application for Certificate, 6-18-26 (Not obtained)	
Opposition to State’s Uninvited Objection to Defendant s Request to Remove the Death Penalty as a Sanction in the Event the Court Grants the Contempt Motion, 6-18-26	https://andreaburkhart.substack.com/api/v1/file/81342c31-918e-4a17-92ef-fe92e4591b05.pdf
Return of Electronic Notification, 6-19-26 (Not obtained)	
Defendant Tyler James Robinson s Second Supplemental Request for Discovery, 6-19-26	https://andreaburkhart.substack.com/api/v1/file/8219c16d-ee65-4ec6-a44b-c5be5b8fee27.pdf
(Omitted from Docket - no item #621)	
Opposition to Defendant Tyler James Robinson’s Opposition to Electronic Media Request for the Preliminary Hearing, 6-21-26	https://andreaburkhart.substack.com/api/v1/file/2f81f4c9-1fe8-45fc-b558-66d5289ca04d.pdf
Return of Electronic Notification, 6-21-26 (Not obtained)	
Order Regarding Defendant's Application for Certificate for Attendance of Out-of-State Witness and State's Motion to Quash Subpoena, 6-22-26	https://andreaburkhart.substack.com/api/v1/file/6a2ad9e9-f51c-49e7-9f4d-e415319b953d.pdf
Notice of Filing News Media Response to Defendant’s Petition for Permission to Appeal Interlocutory Order, 6-22-26	https://andreaburkhart.substack.com/api/v1/file/cce44120-76d5-486f-a44b-c0f831291f71.pdf
Return of Electronic Notification, 6-22-26 (Not obtained)	
Return of Electronic Notification, 6-23-26 (Not obtained)	
Request for Copy of Audio Record (Completed), 6-23-26 (Not obtained)	
Ruling on the Record, 6-23-26	https://andreaburkhart.substack.com/api/v1/file/6fcb91e5-d66e-43ed-8beb-2cca6cba0357.pdf
Ruling And Order On Defendant's Motion In Limine To Preclude Utilization Of Article I, Section 12 Of The Utah Constitution And Rule 1102 Of The Utah Rules Of Evidence To Sanction The Admissibility Of Heresy Evidence To Establish Probable, 6-23-26	https://andreaburkhart.substack.com/api/v1/file/c7495909-6729-4da8-8af8-2aef91f6e81e.pdf
Minute Entry Order RE: Electronic Devices In Courtroom Prohibited During Preliminary Hearing, 6-23-26	https://andreaburkhart.substack.com/api/v1/file/eeb7f87d-fe0f-4a54-b9f9-3836771c1321.pdf
Request and Order for Electronic Media Coverage of Court Proceedings - Salt Lake Tribune, 6-23-26 (Not obtained)	
Request and Order for Electronic Media Coverage of Court Proceedings - Deseret News, 6-23-26 (Not obtained)	
Opposition to Defendant Tyler James Robinson s Opposition to EMC Order for the Preliminary Hearing (Dkt 633), 6-24-26	https://andreaburkhart.substack.com/api/v1/file/1a12c841-e3b0-450f-893a-929313ea9ce4.pdf
Return of Electronic Notification, 6-24-26 (Not obtained)	
News Media Response to Defendant s Opposition to Electronic Media Request for the Preliminary Hearing, 6-24-26	https://andreaburkhart.substack.com/api/v1/file/08cd967c-be23-4964-916d-75b6a40cde32.pdf
Request/Notice to Submit Opposition to Electronic Media Request for Preliminary Hearing, 6-24-26 (Not obtained)	
Request and Order for Electronic Media Coverage of Court Proceedings - Associated Press, 6-23-26 (Not obtained)	
Defendant Tyler James Robinson’s Opposition to EMC Order for the Preliminary Hearing (Dkt 634), 6-24-26	https://andreaburkhart.substack.com/api/v1/file/7d5578f8-c896-4f78-8b5e-a76f93e6603f.pdf
Opposition to Defendant Tyler James Robinson’s Opposition to EMC Order for the Prelim (Dkt 641), 6-24-26	https://andreaburkhart.substack.com/api/v1/file/b11f5fc4-5fcb-46d3-80f2-25550ab51c44.pdf
Order To Appear, 6-24-26 (Not obtained)	
Opposition to Defendant’s Motion to Classify Application for Certificate to Secure Out-of-State Witness (News Media s Opposition), 6-24-26	https://andreaburkhart.substack.com/api/v1/file/dd68d26d-dece-4538-be5d-7fabbcffb73b.pdf
(Omitted from docket - no item #649)	
Return of Electronic Notification, 6-25-26 (Not obtained),	
News Media Response to Defendant Opposition to EMC Orders for the Preliminary Hearing (Still Photography), 6-25-26	https://andreaburkhart.substack.com/api/v1/file/9cb6c74c-a987-464a-8b1d-e87777e44dda.pdf
Return of Electronic Notification, 6-25-26 (Not obtained)	
Request/Notice to Submit Oppositions to EMC Orders for the Preliminary Hearing, 6-25-26 (Not obtained)	
Request and Order for Electronic Media Coverage of Court Proceedings, 6-26-26 (still photography)	https://andreaburkhart.substack.com/api/v1/file/65fed97d-8046-471d-80ce-5fa51703d2fb.pdf
Audio Request for Listen Only Link, 6-26-26 (Not obtained)	
Return of Electronic Notification, 6-26-26 (Not obtained)	
Ruling And Order On Defendant's Motion For an Order To Show Cause For Contempt Of Court, 6-26-26	
Notice of Filing Petition for Permission to Appeal from Two Interlocutory Orders,6-26-26	https://andreaburkhart.substack.com/api/v1/file/110c9446-f802-4f73-b80f-511f5e6b74a9.pdf
(Omitted from docket - no item #661)	
(Omitted from docket - no item #662)	
Return of Electronic Notification, 6-30-26 (Not obtained)	
Ruling And Order On Defendant's Objections To Electronic Media Requests, 6-30-26	https://andreaburkhart.substack.com/api/v1/file/60eb1df1-a978-4716-95db-13f04011b4c3.pdf
Order To Transport, 6-30-26 (Not obtained)	
Return of Electronic Notification, 7-1-26 (Not obtained)	
RULING ON THE RECORD, 7-1-26	
News Media Motion to Amend Minute Entry Order to Allow Use of Portable Electronic Devices by the News Media and Their Counsel, 7-1-26	https://andreaburkhart.substack.com/api/v1/file/5b17aa3e-8755-4bd2-9b42-7095e65ec3ab.pdf
Return of Electronic Notification, 7-2-26 (Not obtained)	
Completed Audio Request for Listen Only Link, 7-2-26 (Not obtained)	
Response to Defendant’s Second Supplemental Request for Discovery, 7-2-26	https://andreaburkhart.substack.com/api/v1/file/74d50292-177e-4865-a315-7353713eb9ad.pdf
Reply in Support of Motion to Classify Application as Private, 7-2-26	https://andreaburkhart.substack.com/api/v1/file/89c3bde6-df52-44d2-9633-8de406334af7.pdf
Ruling And Order Denying News Media Motion To Amend Minute Entry Order, 7-2-26	
Return of Electronic Notification, 7-3-26 (Not obtained)	
Defendant’s Standing Objections to State’s Exhibits, 7-3-26	https://andreaburkhart.substack.com/api/v1/file/40efc715-b46d-408d-ad67-e5039c84af15.pdf
News Media Amended Motion to Allow Portable Electronic Devices, 7-4-26	https://andreaburkhart.substack.com/api/v1/file/b0223454-784e-475a-812b-920da42a8922.pdf
Return of Electronic Notification, 7-4-26 (Not obtained)	
(Omitted from docket - no item #682)	
Return of Electronic Notification, 7-7-26 (Not obtained)	
PRELIMINARY HEARING, 7-8-26	https://andreaburkhart.substack.com/api/v1/file/32bf6f37-4bec-4cd8-93e0-f1a4faa382be.pdf
Supplemental Notice Concerning Access to Evidence Presented in Open Court, 7-8-26	https://andreaburkhart.substack.com/api/v1/file/dce6ed22-2268-48df-bbf5-08a6901a96f4.pdf
Return of Electronic Notification, 7-8-26 (Not obtained)	
Return of Electronic Notification, 7-9-26 (Not obtained)	
Request for Speedy Disposition and Prompt Bindover, 7-10-26	https://andreaburkhart.substack.com/api/v1/file/6c768210-82de-443c-800f-58c6d202ae33.pdf
Return of Electronic Notification, 7-10-26 (Not obtained)	
Return of Electronic Notification, 7-14-26 (Not obtained)	
Request for Copy of Audio Recording, 7-14-26 (Not obtained)	
Return of Electronic Notification, 7-15-26 (Not obtained)	
PRELIMINARY HEARING - DAY 2, 7-21-26	https://andreaburkhart.substack.com/api/v1/file/8963886b-a070-4372-bfb8-0ccddfe85cdb.pdf
PRELIMINARY HEARING, 7-21-26	https://andreaburkhart.substack.com/api/v1/file/4f62f14c-9b20-46c6-a493-9d2de6a5903a.pdf
PRELIMINARY HEARING, 7-21-26	https://andreaburkhart.substack.com/api/v1/file/011c5d90-2c2e-4043-919d-63b4abb83949.pdf
Return of Electronic Notification, 7-22-26 (Not obtained)	
Memorandum in Support of Preliminary Hearing Bindover, 7-28-26	https://andreaburkhart.substack.com/api/v1/file/b751fcf7-c7dd-447b-bfd8-59b76408afc0.pdf
Return of Electronic Notification, 7-28-26 (Not obtained)	
UOVC Restitution Notice Claim#1113669, 8-10-26 (Not obtained)	
Return of Electronic Notification, 8-10-26 (Not obtained)	
Defendant Tyler James Robinson's Preliminary Hearing Briefing, 8-11-26	https://andreaburkhart.substack.com/api/v1/file/1d3ce795-67cd-4dcb-bb72-a78e64551a42.pdf
Return of Electronic Notification, 8-11-26 (Not obtained)	
UOVC Restitution Notice Claim#1113669 - UPDATED UOVC Claim Notice a/o 8/12/2026, 8-12-26 (Not obtained)\	
Return of Electronic Notification, 8-12-26 (Not obtained)	
Request and Order for Electronic Media Coverage of Court Proceedings, 8-18-26	https://andreaburkhart.substack.com/api/v1/file/da466ae2-7f28-4c1c-8250-70d886d1af94.pdf
Request and Order for Electronic Media Coverage of Court Proceedings, 8-18-26	https://andreaburkhart.substack.com/api/v1/file/0b4d9879-be59-4582-b6e7-6d785f94170b.pdf
State’s Reply Supporting Preliminary Hearing Bindover, 8-18-26	https://andreaburkhart.substack.com/api/v1/file/6ed59130-62a7-479a-853c-621cde405142.pdf
Return of Electronic Notification, 8-18-26 (Not obtained)	
**** PRIVATE **** Motion to Classify Motion to Classify Unredacted Oppositions as Protected, 8-22-26 (Not obtained)	
**** PRIVATE **** Opposition to Defendant Tyler James Robinson’s Opposition to EMC Order for the September 1, 2026 Hearing (Dkt 710), 8-22-26 (Not obtained)	
**** PRIVATE **** Opposition to Defendant Tyler James Robinson s Opposition to EMC Order for the September 1, 2026 Hearing (Dkt 711), 8-22-26 (Not obtained)	
Return of Electronic Notification, 8-22-26 (Not obtained)	
Opposition to Defendant Tyler James Robinson s Opposition to EMC Order for the September 1, 2026 Hearing (Dkt 710)_Redacted, 8-22-26	https://andreaburkhart.substack.com/api/v1/file/b5e67149-c2a0-44a5-8a1c-405ba04aef90.pdf
Opposition to Defendant Tyler James Robinson’s Opposition to EMC Order for the September 1, 2026 Hearing (Dkt 711), 8-22-26	https://andreaburkhart.substack.com/api/v1/file/959bef5b-da0a-4670-95f1-ac958b12c00e.pdf
Minute Entry Order RE: Electronic Device In Courtroom Prohibited During September 1, 2026 Hearing, 8-27-26	https://andreaburkhart.substack.com/api/v1/file/a7c2947d-e940-426d-a399-797f58d83003.pdf
Standing Decorum Order, Effective August 28, 2026, 8-27-26	https://andreaburkhart.substack.com/api/v1/file/6053b721-5d52-40db-893b-02100be7c48f.pdf
News Media Opposition to Defendant Motion to Classify Unredacted Oppositions to EMC Orders for the September 1, 2026 Hearing, 8-27-26	https://andreaburkhart.substack.com/api/v1/file/a39e8ac8-f4d4-4a57-9373-87199a2176c8.pdf
News Media Consolidated Response to Defendant Opposition to EMC Orders for the September 1, 2026 Hearing, 8-27-26	https://andreaburkhart.substack.com/api/v1/file/bd041a72-329c-4d01-a9a1-df8fe6a1bba3.pdf
Return of Electronic Notification, 8-27-26 (Not obtained)	
Return of Electronic Notification, 8-28-26 (Not obtained)	
Defendant Tyler James Robinson’s Discovery Status Report, 8-28-26	https://andreaburkhart.substack.com/api/v1/file/cd14df85-2717-490d-b335-9cf408d937d2.pdf
Amended Standing Decorum Order, Effective August 28, 2026, 8-28-26	https://andreaburkhart.substack.com/api/v1/file/75d9511f-501c-4335-b503-91ddd479bff5.pdf
Return of Electronic Notification, 8-28-26	
Order to Transport, 8-31-26	
UOVC Restitution Notice Claim#1113669 - UPDATED UOVC Claim Notice a/o 8/12/2026, 8-12-26 (Not obtained)\\\\	
