path	direct_url
About This Project.md	https://publish-01.obsidian.md/access/545fd2e08a9cfdf36ea131e5b2e326e5/About%20This%20Project.md
Home.md	https://publish-01.obsidian.md/access/545fd2e08a9cfdf36ea131e5b2e326e5/Home.md
articles/Beating Some Charges Losing Others.md	https://publish-01.obsidian.md/access/545fd2e08a9cfdf36ea131e5b2e326e5/articles/Beating%20Some%20Charges%20Losing%20Others.md
articles/Chain of Custody Problems.md	https://publish-01.obsidian.md/access/545fd2e08a9cfdf36ea131e5b2e326e5/articles/Chain%20of%20Custody%20Problems.md
articles/Charges and Elements.md	https://publish-01.obsidian.md/access/545fd2e08a9cfdf36ea131e5b2e326e5/articles/Charges%20and%20Elements.md
articles/Defense Problems.md	https://publish-01.obsidian.md/access/545fd2e08a9cfdf36ea131e5b2e326e5/articles/Defense%20Problems.md
articles/Defense Strategies and Degrees of Liability.md	https://publish-01.obsidian.md/access/545fd2e08a9cfdf36ea131e5b2e326e5/articles/Defense%20Strategies%20and%20Degrees%20of%20Liability.md
articles/Gaps in the Investigation.md	https://publish-01.obsidian.md/access/545fd2e08a9cfdf36ea131e5b2e326e5/articles/Gaps%20in%20the%20Investigation.md
articles/How Robinson Was Identified.md	https://publish-01.obsidian.md/access/545fd2e08a9cfdf36ea131e5b2e326e5/articles/How%20Robinson%20Was%20Identified.md
articles/Insufficiency of the Evidence.md	https://publish-01.obsidian.md/access/545fd2e08a9cfdf36ea131e5b2e326e5/articles/Insufficiency%20of%20the%20Evidence.md
articles/Line of Sight and Shot Geometry.md	https://publish-01.obsidian.md/access/545fd2e08a9cfdf36ea131e5b2e326e5/articles/Line%20of%20Sight%20and%20Shot%20Geometry.md
articles/Official Statements and the FBI Case File.md	https://publish-01.obsidian.md/access/545fd2e08a9cfdf36ea131e5b2e326e5/articles/Official%20Statements%20and%20the%20FBI%20Case%20File.md
articles/Prosecution Problems.md	https://publish-01.obsidian.md/access/545fd2e08a9cfdf36ea131e5b2e326e5/articles/Prosecution%20Problems.md
articles/Roles and Responsibilities at the Scene.md	https://publish-01.obsidian.md/access/545fd2e08a9cfdf36ea131e5b2e326e5/articles/Roles%20and%20Responsibilities%20at%20the%20Scene.md
articles/Sources.md	https://publish-01.obsidian.md/access/545fd2e08a9cfdf36ea131e5b2e326e5/articles/Sources.md
articles/The Death Penalty in Utah.md	https://publish-01.obsidian.md/access/545fd2e08a9cfdf36ea131e5b2e326e5/articles/The%20Death%20Penalty%20in%20Utah.md
articles/The Established Record.md	https://publish-01.obsidian.md/access/545fd2e08a9cfdf36ea131e5b2e326e5/articles/The%20Established%20Record.md
articles/Timeline.md	https://publish-01.obsidian.md/access/545fd2e08a9cfdf36ea131e5b2e326e5/articles/Timeline.md
articles/What Is Genuinely Open.md	https://publish-01.obsidian.md/access/545fd2e08a9cfdf36ea131e5b2e326e5/articles/What%20Is%20Genuinely%20Open.md
documents/Court Documents Index.md	https://publish-01.obsidian.md/access/545fd2e08a9cfdf36ea131e5b2e326e5/documents/Court%20Documents%20Index.md
documents/case-files/2025-09-12_charging_probable-cause-affidavit.pdf	https://publish-01.obsidian.md/access/545fd2e08a9cfdf36ea131e5b2e326e5/documents/case-files/2025-09-12_charging_probable-cause-affidavit.pdf
documents/case-files/2025-09-12_court_order-hold-without-bail.pdf	https://publish-01.obsidian.md/access/545fd2e08a9cfdf36ea131e5b2e326e5/documents/case-files/2025-09-12_court_order-hold-without-bail.pdf
documents/case-files/2025-09-12_intake_public-safety-assessment.pdf	https://publish-01.obsidian.md/access/545fd2e08a9cfdf36ea131e5b2e326e5/documents/case-files/2025-09-12_intake_public-safety-assessment.pdf
documents/case-files/2025-09_charging_information-charges.pdf	https://publish-01.obsidian.md/access/545fd2e08a9cfdf36ea131e5b2e326e5/documents/case-files/2025-09_charging_information-charges.pdf
documents/case-files/2025-09_charging_police-affidavit-full.pdf	https://publish-01.obsidian.md/access/545fd2e08a9cfdf36ea131e5b2e326e5/documents/case-files/2025-09_charging_police-affidavit-full.pdf
documents/case-files/2025-09_charging_search-warrant-affidavit.pdf	https://publish-01.obsidian.md/access/545fd2e08a9cfdf36ea131e5b2e326e5/documents/case-files/2025-09_charging_search-warrant-affidavit.pdf
documents/case-files/2025-10-27_court_ruling-civilian-clothing-and-restraints.pdf	https://publish-01.obsidian.md/access/545fd2e08a9cfdf36ea131e5b2e326e5/documents/case-files/2025-10-27_court_ruling-civilian-clothing-and-restraints.pdf
documents/case-files/2025-10-27_court_standing-decorum-order.pdf	https://publish-01.obsidian.md/access/545fd2e08a9cfdf36ea131e5b2e326e5/documents/case-files/2025-10-27_court_standing-decorum-order.pdf
documents/case-files/2025-10-27_stipulated-motion-extend-time.pdf	https://publish-01.obsidian.md/access/545fd2e08a9cfdf36ea131e5b2e326e5/documents/case-files/2025-10-27_stipulated-motion-extend-time.pdf
documents/case-files/2025-10-28_court_order-granting-extend-time.pdf	https://publish-01.obsidian.md/access/545fd2e08a9cfdf36ea131e5b2e326e5/documents/case-files/2025-10-28_court_order-granting-extend-time.pdf
documents/case-files/2025-10-30_media_request-for-notice.pdf	https://publish-01.obsidian.md/access/545fd2e08a9cfdf36ea131e5b2e326e5/documents/case-files/2025-10-30_media_request-for-notice.pdf
documents/case-files/2025-11-04_court_order-re-evidence.pdf	https://publish-01.obsidian.md/access/545fd2e08a9cfdf36ea131e5b2e326e5/documents/case-files/2025-11-04_court_order-re-evidence.pdf
documents/case-files/2025-11-06_docket.pdf	https://publish-01.obsidian.md/access/545fd2e08a9cfdf36ea131e5b2e326e5/documents/case-files/2025-11-06_docket.pdf
documents/case-files/2025-11-06_state_motion-amend-publicity-order.pdf	https://publish-01.obsidian.md/access/545fd2e08a9cfdf36ea131e5b2e326e5/documents/case-files/2025-11-06_state_motion-amend-publicity-order.pdf
documents/case-files/2025-11-10_court_order-requiring-service-on-media.pdf	https://publish-01.obsidian.md/access/545fd2e08a9cfdf36ea131e5b2e326e5/documents/case-files/2025-11-10_court_order-requiring-service-on-media.pdf
documents/case-files/2025-11-10_defense_response-media-request-notice.pdf	https://publish-01.obsidian.md/access/545fd2e08a9cfdf36ea131e5b2e326e5/documents/case-files/2025-11-10_defense_response-media-request-notice.pdf
documents/case-files/2025-11-20_court_notice-in-person-review-hearing.pdf	https://publish-01.obsidian.md/access/545fd2e08a9cfdf36ea131e5b2e326e5/documents/case-files/2025-11-20_court_notice-in-person-review-hearing.pdf
documents/case-files/2025-11-20_docket.pdf	https://publish-01.obsidian.md/access/545fd2e08a9cfdf36ea131e5b2e326e5/documents/case-files/2025-11-20_docket.pdf
documents/case-files/2025-11_joint_status-report-transcript-redactions-oct24-sealed-hearing.pdf	https://publish-01.obsidian.md/access/545fd2e08a9cfdf36ea131e5b2e326e5/documents/case-files/2025-11_joint_status-report-transcript-redactions-oct24-sealed-hearing.pdf
documents/case-files/2025-12-04_victim_restitution-subrogation-notice.pdf	https://publish-01.obsidian.md/access/545fd2e08a9cfdf36ea131e5b2e326e5/documents/case-files/2025-12-04_victim_restitution-subrogation-notice.pdf
documents/case-files/2025-12-22_state_notice-intent-nondestructive-testing.pdf	https://publish-01.obsidian.md/access/545fd2e08a9cfdf36ea131e5b2e326e5/documents/case-files/2025-12-22_state_notice-intent-nondestructive-testing.pdf
documents/case-files/2026-01-09_defense_motion-prohibit-alteration-bullet-jacket-fragment.pdf	https://publish-01.obsidian.md/access/545fd2e08a9cfdf36ea131e5b2e326e5/documents/case-files/2026-01-09_defense_motion-prohibit-alteration-bullet-jacket-fragment.pdf
documents/case-files/2026-01-27_defense_notice-objection-exhibit-4.1.pdf	https://publish-01.obsidian.md/access/545fd2e08a9cfdf36ea131e5b2e326e5/documents/case-files/2026-01-27_defense_notice-objection-exhibit-4.1.pdf
documents/case-files/2026-02-03_court_exhibit-list-disqualification-hearing.pdf	https://publish-01.obsidian.md/access/545fd2e08a9cfdf36ea131e5b2e326e5/documents/case-files/2026-02-03_court_exhibit-list-disqualification-hearing.pdf
documents/case-files/2026-04-03_defense_supplemental-discovery-request.pdf	https://publish-01.obsidian.md/access/545fd2e08a9cfdf36ea131e5b2e326e5/documents/case-files/2026-04-03_defense_supplemental-discovery-request.pdf
documents/case-files/2026-04-10_defense_motion-osc-contempt-and-compel-discovery.pdf	https://publish-01.obsidian.md/access/545fd2e08a9cfdf36ea131e5b2e326e5/documents/case-files/2026-04-10_defense_motion-osc-contempt-and-compel-discovery.pdf
documents/case-files/2026-04-10_defense_reply-support-motion-vacate-continue-prelim.pdf	https://publish-01.obsidian.md/access/545fd2e08a9cfdf36ea131e5b2e326e5/documents/case-files/2026-04-10_defense_reply-support-motion-vacate-continue-prelim.pdf
documents/case-files/2026-04-10_state_objection-supplemental-discovery-request.pdf	https://publish-01.obsidian.md/access/545fd2e08a9cfdf36ea131e5b2e326e5/documents/case-files/2026-04-10_state_objection-supplemental-discovery-request.pdf
documents/case-files/2026-04-16_defense_declaration-counsel-support-osc.pdf	https://publish-01.obsidian.md/access/545fd2e08a9cfdf36ea131e5b2e326e5/documents/case-files/2026-04-16_defense_declaration-counsel-support-osc.pdf
documents/case-files/2026-05-01_defense_motion-in-limine-close-hearing-exclude-exhibits.pdf	https://publish-01.obsidian.md/access/545fd2e08a9cfdf36ea131e5b2e326e5/documents/case-files/2026-05-01_defense_motion-in-limine-close-hearing-exclude-exhibits.pdf
documents/case-files/2026-05-01_state_supplemental-notice-evidence-at-prelim.pdf	https://publish-01.obsidian.md/access/545fd2e08a9cfdf36ea131e5b2e326e5/documents/case-files/2026-05-01_state_supplemental-notice-evidence-at-prelim.pdf
documents/case-files/2026-05-06_defense_motion-in-limine-preclude-1102-hearsay.pdf	https://publish-01.obsidian.md/access/545fd2e08a9cfdf36ea131e5b2e326e5/documents/case-files/2026-05-06_defense_motion-in-limine-preclude-1102-hearsay.pdf
documents/case-files/2026-05-06_state_prelim-witness-and-exhibit-list.pdf	https://publish-01.obsidian.md/access/545fd2e08a9cfdf36ea131e5b2e326e5/documents/case-files/2026-05-06_state_prelim-witness-and-exhibit-list.pdf
documents/case-files/2026-05-07_defense_reply-osc-contempt-compel-discovery.pdf	https://publish-01.obsidian.md/access/545fd2e08a9cfdf36ea131e5b2e326e5/documents/case-files/2026-05-07_defense_reply-osc-contempt-compel-discovery.pdf
documents/case-files/2026-05-08_court_ruling-deny-exclude-cameras-standing-media-order.pdf	https://publish-01.obsidian.md/access/545fd2e08a9cfdf36ea131e5b2e326e5/documents/case-files/2026-05-08_court_ruling-deny-exclude-cameras-standing-media-order.pdf
documents/case-files/2026-05-12_court_minute-entry-rulings-continue-and-exclude.pdf	https://publish-01.obsidian.md/access/545fd2e08a9cfdf36ea131e5b2e326e5/documents/case-files/2026-05-12_court_minute-entry-rulings-continue-and-exclude.pdf
documents/case-files/2026-05-15_state_response-motion-in-limine-close-hearing.pdf	https://publish-01.obsidian.md/access/545fd2e08a9cfdf36ea131e5b2e326e5/documents/case-files/2026-05-15_state_response-motion-in-limine-close-hearing.pdf
documents/case-files/2026-05-18_defense_reply-support-motion-close-seal-hearing.pdf	https://publish-01.obsidian.md/access/545fd2e08a9cfdf36ea131e5b2e326e5/documents/case-files/2026-05-18_defense_reply-support-motion-close-seal-hearing.pdf
documents/case-files/2026-06-01_court_ruling-grant-osc-deny-compel-discovery.pdf	https://publish-01.obsidian.md/access/545fd2e08a9cfdf36ea131e5b2e326e5/documents/case-files/2026-06-01_court_ruling-grant-osc-deny-compel-discovery.pdf
documents/case-files/2026-06-03_defense_request-submit-motion-in-limine-1102.pdf	https://publish-01.obsidian.md/access/545fd2e08a9cfdf36ea131e5b2e326e5/documents/case-files/2026-06-03_defense_request-submit-motion-in-limine-1102.pdf
documents/case-files/2026-06-03_defense_request-submit-overlength-reply-motion-in-limine.pdf	https://publish-01.obsidian.md/access/545fd2e08a9cfdf36ea131e5b2e326e5/documents/case-files/2026-06-03_defense_request-submit-overlength-reply-motion-in-limine.pdf
documents/case-files/2026-06-09_defense_request-submit-motion-stay-pending-interlocutory.pdf	https://publish-01.obsidian.md/access/545fd2e08a9cfdf36ea131e5b2e326e5/documents/case-files/2026-06-09_defense_request-submit-motion-stay-pending-interlocutory.pdf
documents/case-files/2026-06-11_defense_petition-permission-appeal-interlocutory.pdf	https://publish-01.obsidian.md/access/545fd2e08a9cfdf36ea131e5b2e326e5/documents/case-files/2026-06-11_defense_petition-permission-appeal-interlocutory.pdf
documents/case-files/2026-06-11_victim_restitution-subrogation-notice-coltrin.pdf	https://publish-01.obsidian.md/access/545fd2e08a9cfdf36ea131e5b2e326e5/documents/case-files/2026-06-11_victim_restitution-subrogation-notice-coltrin.pdf
documents/case-files/2026-06-12_ag_notice-not-respond-constitutional-challenge.pdf	https://publish-01.obsidian.md/access/545fd2e08a9cfdf36ea131e5b2e326e5/documents/case-files/2026-06-12_ag_notice-not-respond-constitutional-challenge.pdf
documents/case-files/2026-06-12_court_ruling-deny-stay-pending-interlocutory-appeal.pdf	https://publish-01.obsidian.md/access/545fd2e08a9cfdf36ea131e5b2e326e5/documents/case-files/2026-06-12_court_ruling-deny-stay-pending-interlocutory-appeal.pdf
documents/case-files/2026-06-17_state_objection-request-remove-death-penalty-sanction.pdf	https://publish-01.obsidian.md/access/545fd2e08a9cfdf36ea131e5b2e326e5/documents/case-files/2026-06-17_state_objection-request-remove-death-penalty-sanction.pdf
documents/case-files/2026-06-19_defense_second-supplemental-discovery-request.pdf	https://publish-01.obsidian.md/access/545fd2e08a9cfdf36ea131e5b2e326e5/documents/case-files/2026-06-19_defense_second-supplemental-discovery-request.pdf
documents/case-files/2026-06-23_court_ruling-deny-preclude-1102-hearsay-prelim.pdf	https://publish-01.obsidian.md/access/545fd2e08a9cfdf36ea131e5b2e326e5/documents/case-files/2026-06-23_court_ruling-deny-preclude-1102-hearsay-prelim.pdf
documents/case-files/2026-06-26_court_ruling-contempt-order-to-show-cause.pdf	https://publish-01.obsidian.md/access/545fd2e08a9cfdf36ea131e5b2e326e5/documents/case-files/2026-06-26_court_ruling-contempt-order-to-show-cause.pdf
documents/case-files/2026-07-02_state_response-second-supplemental-discovery-request.pdf	https://publish-01.obsidian.md/access/545fd2e08a9cfdf36ea131e5b2e326e5/documents/case-files/2026-07-02_state_response-second-supplemental-discovery-request.pdf
documents/case-files/2026-07-03_defense_standing-objections-hearing-exhibits.pdf	https://publish-01.obsidian.md/access/545fd2e08a9cfdf36ea131e5b2e326e5/documents/case-files/2026-07-03_defense_standing-objections-hearing-exhibits.pdf
documents/case-files/2026-07-08_victim_supplemental-notice-access-to-evidence.pdf	https://publish-01.obsidian.md/access/545fd2e08a9cfdf36ea131e5b2e326e5/documents/case-files/2026-07-08_victim_supplemental-notice-access-to-evidence.pdf
documents/case-files/2026-07-11_victim_family-statement-speedy-bindover.pdf	https://publish-01.obsidian.md/access/545fd2e08a9cfdf36ea131e5b2e326e5/documents/case-files/2026-07-11_victim_family-statement-speedy-bindover.pdf
documents/case-files/charging_affidavit-redacted.pdf	https://publish-01.obsidian.md/access/545fd2e08a9cfdf36ea131e5b2e326e5/documents/case-files/charging_affidavit-redacted.pdf
documents/case-files/defense_memo-opposing-classify-transcript-private.pdf	https://publish-01.obsidian.md/access/545fd2e08a9cfdf36ea131e5b2e326e5/documents/case-files/defense_memo-opposing-classify-transcript-private.pdf
documents/case-files/defense_motion-disqualify-county-attorney.pdf	https://publish-01.obsidian.md/access/545fd2e08a9cfdf36ea131e5b2e326e5/documents/case-files/defense_motion-disqualify-county-attorney.pdf
documents/case-files/defense_motion-exclude-still-photographers.pdf	https://publish-01.obsidian.md/access/545fd2e08a9cfdf36ea131e5b2e326e5/documents/case-files/defense_motion-exclude-still-photographers.pdf
documents/case-files/defense_motion-to-vacate-or-continue-prelim.pdf	https://publish-01.obsidian.md/access/545fd2e08a9cfdf36ea131e5b2e326e5/documents/case-files/defense_motion-to-vacate-or-continue-prelim.pdf
documents/case-files/defense_objection-to-state-motion-amend-clarify.pdf	https://publish-01.obsidian.md/access/545fd2e08a9cfdf36ea131e5b2e326e5/documents/case-files/defense_objection-to-state-motion-amend-clarify.pdf
documents/case-files/defense_reply-motion-disqualify-request-take-evidence.pdf	https://publish-01.obsidian.md/access/545fd2e08a9cfdf36ea131e5b2e326e5/documents/case-files/defense_reply-motion-disqualify-request-take-evidence.pdf
documents/case-files/defense_response-to-media-intervenors.pdf	https://publish-01.obsidian.md/access/545fd2e08a9cfdf36ea131e5b2e326e5/documents/case-files/defense_response-to-media-intervenors.pdf
documents/case-files/defense_response-to-motion-to-appear-at-hearings.pdf	https://publish-01.obsidian.md/access/545fd2e08a9cfdf36ea131e5b2e326e5/documents/case-files/defense_response-to-motion-to-appear-at-hearings.pdf
documents/case-files/docket_full-printout.pdf	https://publish-01.obsidian.md/access/545fd2e08a9cfdf36ea131e5b2e326e5/documents/case-files/docket_full-printout.pdf
documents/case-files/media_memo-opposing-motion-to-classify.pdf	https://publish-01.obsidian.md/access/545fd2e08a9cfdf36ea131e5b2e326e5/documents/case-files/media_memo-opposing-motion-to-classify.pdf
documents/case-files/media_memo-opposing-stipulated-motion-classify-transcript.pdf	https://publish-01.obsidian.md/access/545fd2e08a9cfdf36ea131e5b2e326e5/documents/case-files/media_memo-opposing-stipulated-motion-classify-transcript.pdf
documents/case-files/media_motion-for-limited-intervention.pdf	https://publish-01.obsidian.md/access/545fd2e08a9cfdf36ea131e5b2e326e5/documents/case-files/media_motion-for-limited-intervention.pdf
documents/case-files/media_reply-support-motion-limited-intervention.pdf	https://publish-01.obsidian.md/access/545fd2e08a9cfdf36ea131e5b2e326e5/documents/case-files/media_reply-support-motion-limited-intervention.pdf
documents/case-files/media_request-submit-motion-limited-intervention.pdf	https://publish-01.obsidian.md/access/545fd2e08a9cfdf36ea131e5b2e326e5/documents/case-files/media_request-submit-motion-limited-intervention.pdf
documents/case-files/state_opposition-motion-disqualify-county-attorney.pdf	https://publish-01.obsidian.md/access/545fd2e08a9cfdf36ea131e5b2e326e5/documents/case-files/state_opposition-motion-disqualify-county-attorney.pdf
documents/case-files/state_opposition-to-motion-to-show-cause.pdf	https://publish-01.obsidian.md/access/545fd2e08a9cfdf36ea131e5b2e326e5/documents/case-files/state_opposition-to-motion-to-show-cause.pdf
documents/case-files/state_reply-support-motion-amend-clarify-order.pdf	https://publish-01.obsidian.md/access/545fd2e08a9cfdf36ea131e5b2e326e5/documents/case-files/state_reply-support-motion-amend-clarify-order.pdf
documents/case-files/state_reply-support-stipulated-motion-classify-transcript.pdf	https://publish-01.obsidian.md/access/545fd2e08a9cfdf36ea131e5b2e326e5/documents/case-files/state_reply-support-stipulated-motion-classify-transcript.pdf
documents/case-files/state_request-submit-motion-amend-clarify-order.pdf	https://publish-01.obsidian.md/access/545fd2e08a9cfdf36ea131e5b2e326e5/documents/case-files/state_request-submit-motion-amend-clarify-order.pdf
documents/case-files/state_response-to-media-intervenors.pdf	https://publish-01.obsidian.md/access/545fd2e08a9cfdf36ea131e5b2e326e5/documents/case-files/state_response-to-media-intervenors.pdf
documents/case-files/transcript_sealed-motion-hearing-redacted.pdf	https://publish-01.obsidian.md/access/545fd2e08a9cfdf36ea131e5b2e326e5/documents/case-files/transcript_sealed-motion-hearing-redacted.pdf
documents/case-files/victim_invocation-of-speedy-trial-rights.pdf	https://publish-01.obsidian.md/access/545fd2e08a9cfdf36ea131e5b2e326e5/documents/case-files/victim_invocation-of-speedy-trial-rights.pdf
documents/filings/2025-09-12 - Affidavit of Probable Cause.md	https://publish-01.obsidian.md/access/545fd2e08a9cfdf36ea131e5b2e326e5/documents/filings/2025-09-12%20-%20Affidavit%20of%20Probable%20Cause.md
documents/filings/2025-09-12 - Order to Hold Without Bail.md	https://publish-01.obsidian.md/access/545fd2e08a9cfdf36ea131e5b2e326e5/documents/filings/2025-09-12%20-%20Order%20to%20Hold%20Without%20Bail.md
documents/filings/2025-09-12 - Public Safety Assessment.md	https://publish-01.obsidian.md/access/545fd2e08a9cfdf36ea131e5b2e326e5/documents/filings/2025-09-12%20-%20Public%20Safety%20Assessment.md
documents/filings/2025-09-12 - Redacted Affidavit of Probable Cause.md	https://publish-01.obsidian.md/access/545fd2e08a9cfdf36ea131e5b2e326e5/documents/filings/2025-09-12%20-%20Redacted%20Affidavit%20of%20Probable%20Cause.md
documents/filings/2025-09-12 - The Full Police Affidavit.md	https://publish-01.obsidian.md/access/545fd2e08a9cfdf36ea131e5b2e326e5/documents/filings/2025-09-12%20-%20The%20Full%20Police%20Affidavit.md
documents/filings/2025-09-16 - The Information and Charges.md	https://publish-01.obsidian.md/access/545fd2e08a9cfdf36ea131e5b2e326e5/documents/filings/2025-09-16%20-%20The%20Information%20and%20Charges.md
documents/filings/2025-09-17 - The Search Warrant Affidavit.md	https://publish-01.obsidian.md/access/545fd2e08a9cfdf36ea131e5b2e326e5/documents/filings/2025-09-17%20-%20The%20Search%20Warrant%20Affidavit.md
documents/filings/2025-10-22 - Defense Reply on Appearing in Civilian Clothing Without Restraints.md	https://publish-01.obsidian.md/access/545fd2e08a9cfdf36ea131e5b2e326e5/documents/filings/2025-10-22%20-%20Defense%20Reply%20on%20Appearing%20in%20Civilian%20Clothing%20Without%20Restraints.md
documents/filings/2025-10-24 - Redacted Transcript of the October 24 Sealed Motion Hearing.md	https://publish-01.obsidian.md/access/545fd2e08a9cfdf36ea131e5b2e326e5/documents/filings/2025-10-24%20-%20Redacted%20Transcript%20of%20the%20October%2024%20Sealed%20Motion%20Hearing.md
documents/filings/2025-10-27 - Ruling on Civilian Clothing and Restraints.md	https://publish-01.obsidian.md/access/545fd2e08a9cfdf36ea131e5b2e326e5/documents/filings/2025-10-27%20-%20Ruling%20on%20Civilian%20Clothing%20and%20Restraints.md
documents/filings/2025-10-27 - Standing Decorum Order.md	https://publish-01.obsidian.md/access/545fd2e08a9cfdf36ea131e5b2e326e5/documents/filings/2025-10-27%20-%20Standing%20Decorum%20Order.md
documents/filings/2025-10-27 - Stipulated Motion to Extend Time.md	https://publish-01.obsidian.md/access/545fd2e08a9cfdf36ea131e5b2e326e5/documents/filings/2025-10-27%20-%20Stipulated%20Motion%20to%20Extend%20Time.md
documents/filings/2025-10-28 - Order Granting Extension of Time.md	https://publish-01.obsidian.md/access/545fd2e08a9cfdf36ea131e5b2e326e5/documents/filings/2025-10-28%20-%20Order%20Granting%20Extension%20of%20Time.md
documents/filings/2025-10-29 - Full Docket Printout October 29 2025.md	https://publish-01.obsidian.md/access/545fd2e08a9cfdf36ea131e5b2e326e5/documents/filings/2025-10-29%20-%20Full%20Docket%20Printout%20October%2029%202025.md
documents/filings/2025-10-30 - Request for Notice of Motions to Close.md	https://publish-01.obsidian.md/access/545fd2e08a9cfdf36ea131e5b2e326e5/documents/filings/2025-10-30%20-%20Request%20for%20Notice%20of%20Motions%20to%20Close.md
documents/filings/2025-11-04 - Order on Evidence Preservation.md	https://publish-01.obsidian.md/access/545fd2e08a9cfdf36ea131e5b2e326e5/documents/filings/2025-11-04%20-%20Order%20on%20Evidence%20Preservation.md
documents/filings/2025-11-05 - Motion for Limited Intervention.md	https://publish-01.obsidian.md/access/545fd2e08a9cfdf36ea131e5b2e326e5/documents/filings/2025-11-05%20-%20Motion%20for%20Limited%20Intervention.md
documents/filings/2025-11-06 - Docket Sheet November 6 2025.md	https://publish-01.obsidian.md/access/545fd2e08a9cfdf36ea131e5b2e326e5/documents/filings/2025-11-06%20-%20Docket%20Sheet%20November%206%202025.md
documents/filings/2025-11-06 - State Motion to Amend or Clarify the Publicity Order.md	https://publish-01.obsidian.md/access/545fd2e08a9cfdf36ea131e5b2e326e5/documents/filings/2025-11-06%20-%20State%20Motion%20to%20Amend%20or%20Clarify%20the%20Publicity%20Order.md
documents/filings/2025-11-10 - Defense Response to Media Request for Notice.md	https://publish-01.obsidian.md/access/545fd2e08a9cfdf36ea131e5b2e326e5/documents/filings/2025-11-10%20-%20Defense%20Response%20to%20Media%20Request%20for%20Notice.md
documents/filings/2025-11-10 - Order Requiring Service on Media.md	https://publish-01.obsidian.md/access/545fd2e08a9cfdf36ea131e5b2e326e5/documents/filings/2025-11-10%20-%20Order%20Requiring%20Service%20on%20Media.md
documents/filings/2025-11-19 - Defense Response to Proposed Media Intervenors Motion.md	https://publish-01.obsidian.md/access/545fd2e08a9cfdf36ea131e5b2e326e5/documents/filings/2025-11-19%20-%20Defense%20Response%20to%20Proposed%20Media%20Intervenors%20Motion.md
documents/filings/2025-11-19 - State Response to Motion for Limited Intervention by Media.md	https://publish-01.obsidian.md/access/545fd2e08a9cfdf36ea131e5b2e326e5/documents/filings/2025-11-19%20-%20State%20Response%20to%20Motion%20for%20Limited%20Intervention%20by%20Media.md
documents/filings/2025-11-20 - Docket Sheet November 20 2025.md	https://publish-01.obsidian.md/access/545fd2e08a9cfdf36ea131e5b2e326e5/documents/filings/2025-11-20%20-%20Docket%20Sheet%20November%2020%202025.md
documents/filings/2025-11-20 - Notice of In Person Review Hearing.md	https://publish-01.obsidian.md/access/545fd2e08a9cfdf36ea131e5b2e326e5/documents/filings/2025-11-20%20-%20Notice%20of%20In%20Person%20Review%20Hearing.md
documents/filings/2025-11-20 - Objection to the States Motion to Amend or Clarify the Publicity Order.md	https://publish-01.obsidian.md/access/545fd2e08a9cfdf36ea131e5b2e326e5/documents/filings/2025-11-20%20-%20Objection%20to%20the%20States%20Motion%20to%20Amend%20or%20Clarify%20the%20Publicity%20Order.md
documents/filings/2025-11-26 - Reply in Support of Motion for Limited Intervention.md	https://publish-01.obsidian.md/access/545fd2e08a9cfdf36ea131e5b2e326e5/documents/filings/2025-11-26%20-%20Reply%20in%20Support%20of%20Motion%20for%20Limited%20Intervention.md
documents/filings/2025-11-28 - State Reply in Support of Motion to Amend or Clarify the Publicity Order.md	https://publish-01.obsidian.md/access/545fd2e08a9cfdf36ea131e5b2e326e5/documents/filings/2025-11-28%20-%20State%20Reply%20in%20Support%20of%20Motion%20to%20Amend%20or%20Clarify%20the%20Publicity%20Order.md
documents/filings/2025-11-28 - State Request to Submit for Decision on the Publicity Order Motion.md	https://publish-01.obsidian.md/access/545fd2e08a9cfdf36ea131e5b2e326e5/documents/filings/2025-11-28%20-%20State%20Request%20to%20Submit%20for%20Decision%20on%20the%20Publicity%20Order%20Motion.md
documents/filings/2025-12-03 - Request to Submit Motion for Limited Intervention.md	https://publish-01.obsidian.md/access/545fd2e08a9cfdf36ea131e5b2e326e5/documents/filings/2025-12-03%20-%20Request%20to%20Submit%20Motion%20for%20Limited%20Intervention.md
documents/filings/2025-12-04 - Joint Status Report on Redactions to the October 24 Sealed Hearing Transcript.md	https://publish-01.obsidian.md/access/545fd2e08a9cfdf36ea131e5b2e326e5/documents/filings/2025-12-04%20-%20Joint%20Status%20Report%20on%20Redactions%20to%20the%20October%2024%20Sealed%20Hearing%20Transcript.md
documents/filings/2025-12-04 - Victim Restitution and Subrogation Notice.md	https://publish-01.obsidian.md/access/545fd2e08a9cfdf36ea131e5b2e326e5/documents/filings/2025-12-04%20-%20Victim%20Restitution%20and%20Subrogation%20Notice.md
documents/filings/2025-12-08 - Memo Opposing Stipulated Motion to Classify Transcript.md	https://publish-01.obsidian.md/access/545fd2e08a9cfdf36ea131e5b2e326e5/documents/filings/2025-12-08%20-%20Memo%20Opposing%20Stipulated%20Motion%20to%20Classify%20Transcript.md
documents/filings/2025-12-09 - Defense Reply Opposing Media on Classifying October 24 Transcript.md	https://publish-01.obsidian.md/access/545fd2e08a9cfdf36ea131e5b2e326e5/documents/filings/2025-12-09%20-%20Defense%20Reply%20Opposing%20Media%20on%20Classifying%20October%2024%20Transcript.md
documents/filings/2025-12-09 - State Reply in Support of Stipulated Motion to Classify Transcript as Private.md	https://publish-01.obsidian.md/access/545fd2e08a9cfdf36ea131e5b2e326e5/documents/filings/2025-12-09%20-%20State%20Reply%20in%20Support%20of%20Stipulated%20Motion%20to%20Classify%20Transcript%20as%20Private.md
documents/filings/2025-12-10 - Motion to Disqualify the Utah County Attorneys Office.md	https://publish-01.obsidian.md/access/545fd2e08a9cfdf36ea131e5b2e326e5/documents/filings/2025-12-10%20-%20Motion%20to%20Disqualify%20the%20Utah%20County%20Attorneys%20Office.md
documents/filings/2025-12-22 - State Notice of Intent to Conduct Non-Destructive Testing (Bullet Jacket Fragment).md	https://publish-01.obsidian.md/access/545fd2e08a9cfdf36ea131e5b2e326e5/documents/filings/2025-12-22%20-%20State%20Notice%20of%20Intent%20to%20Conduct%20Non-Destructive%20Testing%20%28Bullet%20Jacket%20Fragment%29.md
documents/filings/2026-01-05 - State Opposition to Motion to Disqualify the County Attorney.md	https://publish-01.obsidian.md/access/545fd2e08a9cfdf36ea131e5b2e326e5/documents/filings/2026-01-05%20-%20State%20Opposition%20to%20Motion%20to%20Disqualify%20the%20County%20Attorney.md
documents/filings/2026-01-08 - Partial Reply on Disqualification and Request to Take Evidence.md	https://publish-01.obsidian.md/access/545fd2e08a9cfdf36ea131e5b2e326e5/documents/filings/2026-01-08%20-%20Partial%20Reply%20on%20Disqualification%20and%20Request%20to%20Take%20Evidence.md
documents/filings/2026-01-09 - Defense Motion to Prohibit Further Alteration of the Bullet Jacket Fragment.md	https://publish-01.obsidian.md/access/545fd2e08a9cfdf36ea131e5b2e326e5/documents/filings/2026-01-09%20-%20Defense%20Motion%20to%20Prohibit%20Further%20Alteration%20of%20the%20Bullet%20Jacket%20Fragment.md
documents/filings/2026-01-15 - Memo Opposing Motion to Classify January Filing.md	https://publish-01.obsidian.md/access/545fd2e08a9cfdf36ea131e5b2e326e5/documents/filings/2026-01-15%20-%20Memo%20Opposing%20Motion%20to%20Classify%20January%20Filing.md
documents/filings/2026-01-16 - Motion to Exclude Still Photographers TV Cameras and Microphones.md	https://publish-01.obsidian.md/access/545fd2e08a9cfdf36ea131e5b2e326e5/documents/filings/2026-01-16%20-%20Motion%20to%20Exclude%20Still%20Photographers%20TV%20Cameras%20and%20Microphones.md
documents/filings/2026-01-16 - Victim Invocation of Speedy Trial Rights.md	https://publish-01.obsidian.md/access/545fd2e08a9cfdf36ea131e5b2e326e5/documents/filings/2026-01-16%20-%20Victim%20Invocation%20of%20Speedy%20Trial%20Rights.md
documents/filings/2026-01-27 - Defense Notice of Objection to Exhibit 4.1.md	https://publish-01.obsidian.md/access/545fd2e08a9cfdf36ea131e5b2e326e5/documents/filings/2026-01-27%20-%20Defense%20Notice%20of%20Objection%20to%20Exhibit%204.1.md
documents/filings/2026-02-03 - Exhibit List for the February 3 Disqualification Hearing.md	https://publish-01.obsidian.md/access/545fd2e08a9cfdf36ea131e5b2e326e5/documents/filings/2026-02-03%20-%20Exhibit%20List%20for%20the%20February%203%20Disqualification%20Hearing.md
documents/filings/2026-03-27 - Motion to Vacate or Continue the Preliminary Hearing.md	https://publish-01.obsidian.md/access/545fd2e08a9cfdf36ea131e5b2e326e5/documents/filings/2026-03-27%20-%20Motion%20to%20Vacate%20or%20Continue%20the%20Preliminary%20Hearing.md
documents/filings/2026-04-03 - Defense Supplemental Request for Discovery.md	https://publish-01.obsidian.md/access/545fd2e08a9cfdf36ea131e5b2e326e5/documents/filings/2026-04-03%20-%20Defense%20Supplemental%20Request%20for%20Discovery.md
documents/filings/2026-04-10 - Defense Motion for Order to Show Cause for Contempt and to Compel Discovery.md	https://publish-01.obsidian.md/access/545fd2e08a9cfdf36ea131e5b2e326e5/documents/filings/2026-04-10%20-%20Defense%20Motion%20for%20Order%20to%20Show%20Cause%20for%20Contempt%20and%20to%20Compel%20Discovery.md
documents/filings/2026-04-10 - Defense Reply Supporting the Motion to Vacate or Continue the Preliminary Hearing.md	https://publish-01.obsidian.md/access/545fd2e08a9cfdf36ea131e5b2e326e5/documents/filings/2026-04-10%20-%20Defense%20Reply%20Supporting%20the%20Motion%20to%20Vacate%20or%20Continue%20the%20Preliminary%20Hearing.md
documents/filings/2026-04-10 - State Objection to Defense Supplemental Discovery Request.md	https://publish-01.obsidian.md/access/545fd2e08a9cfdf36ea131e5b2e326e5/documents/filings/2026-04-10%20-%20State%20Objection%20to%20Defense%20Supplemental%20Discovery%20Request.md
documents/filings/2026-04-16 - Declaration of Counsel Supporting the Contempt Motion.md	https://publish-01.obsidian.md/access/545fd2e08a9cfdf36ea131e5b2e326e5/documents/filings/2026-04-16%20-%20Declaration%20of%20Counsel%20Supporting%20the%20Contempt%20Motion.md
documents/filings/2026-04-30 - State Opposition to Motion to Show Cause for Contempt.md	https://publish-01.obsidian.md/access/545fd2e08a9cfdf36ea131e5b2e326e5/documents/filings/2026-04-30%20-%20State%20Opposition%20to%20Motion%20to%20Show%20Cause%20for%20Contempt.md
documents/filings/2026-05-01 - Defense Motion in Limine to Close Hearing and Exclude Exhibits.md	https://publish-01.obsidian.md/access/545fd2e08a9cfdf36ea131e5b2e326e5/documents/filings/2026-05-01%20-%20Defense%20Motion%20in%20Limine%20to%20Close%20Hearing%20and%20Exclude%20Exhibits.md
documents/filings/2026-05-01 - State Supplemental Notice re Evidence at Preliminary Hearing.md	https://publish-01.obsidian.md/access/545fd2e08a9cfdf36ea131e5b2e326e5/documents/filings/2026-05-01%20-%20State%20Supplemental%20Notice%20re%20Evidence%20at%20Preliminary%20Hearing.md
documents/filings/2026-05-06 - Defense Motion in Limine to Preclude Rule 1102 Hearsay.md	https://publish-01.obsidian.md/access/545fd2e08a9cfdf36ea131e5b2e326e5/documents/filings/2026-05-06%20-%20Defense%20Motion%20in%20Limine%20to%20Preclude%20Rule%201102%20Hearsay.md
documents/filings/2026-05-06 - State Preliminary Hearing Witness and Exhibit List.md	https://publish-01.obsidian.md/access/545fd2e08a9cfdf36ea131e5b2e326e5/documents/filings/2026-05-06%20-%20State%20Preliminary%20Hearing%20Witness%20and%20Exhibit%20List.md
documents/filings/2026-05-07 - Defense Reply on the Contempt and Compel-Discovery Motion.md	https://publish-01.obsidian.md/access/545fd2e08a9cfdf36ea131e5b2e326e5/documents/filings/2026-05-07%20-%20Defense%20Reply%20on%20the%20Contempt%20and%20Compel-Discovery%20Motion.md
documents/filings/2026-05-08 - Ruling Denying Motion to Exclude Cameras.md	https://publish-01.obsidian.md/access/545fd2e08a9cfdf36ea131e5b2e326e5/documents/filings/2026-05-08%20-%20Ruling%20Denying%20Motion%20to%20Exclude%20Cameras.md
documents/filings/2026-05-12 - Minute Entry on the Motions to Continue and to Exclude Cameras.md	https://publish-01.obsidian.md/access/545fd2e08a9cfdf36ea131e5b2e326e5/documents/filings/2026-05-12%20-%20Minute%20Entry%20on%20the%20Motions%20to%20Continue%20and%20to%20Exclude%20Cameras.md
documents/filings/2026-05-15 - State Response to Defense Motion in Limine.md	https://publish-01.obsidian.md/access/545fd2e08a9cfdf36ea131e5b2e326e5/documents/filings/2026-05-15%20-%20State%20Response%20to%20Defense%20Motion%20in%20Limine.md
documents/filings/2026-05-18 - Defense Reply Supporting the Motion to Close and Seal Portions of the Hearing.md	https://publish-01.obsidian.md/access/545fd2e08a9cfdf36ea131e5b2e326e5/documents/filings/2026-05-18%20-%20Defense%20Reply%20Supporting%20the%20Motion%20to%20Close%20and%20Seal%20Portions%20of%20the%20Hearing.md
documents/filings/2026-06-01 - Ruling Granting Order to Show Cause and Denying Compel Discovery.md	https://publish-01.obsidian.md/access/545fd2e08a9cfdf36ea131e5b2e326e5/documents/filings/2026-06-01%20-%20Ruling%20Granting%20Order%20to%20Show%20Cause%20and%20Denying%20Compel%20Discovery.md
documents/filings/2026-06-03 - Request to Submit the Motion in Limine to Preclude Rule 1102 Hearsay.md	https://publish-01.obsidian.md/access/545fd2e08a9cfdf36ea131e5b2e326e5/documents/filings/2026-06-03%20-%20Request%20to%20Submit%20the%20Motion%20in%20Limine%20to%20Preclude%20Rule%201102%20Hearsay.md
documents/filings/2026-06-03 - Request to Submit the Overlength Reply on the Rule 1102 Motion.md	https://publish-01.obsidian.md/access/545fd2e08a9cfdf36ea131e5b2e326e5/documents/filings/2026-06-03%20-%20Request%20to%20Submit%20the%20Overlength%20Reply%20on%20the%20Rule%201102%20Motion.md
documents/filings/2026-06-09 - Request to Submit the Motion to Stay Pending Interlocutory Review.md	https://publish-01.obsidian.md/access/545fd2e08a9cfdf36ea131e5b2e326e5/documents/filings/2026-06-09%20-%20Request%20to%20Submit%20the%20Motion%20to%20Stay%20Pending%20Interlocutory%20Review.md
documents/filings/2026-06-11 - Petition for Permission to Appeal the Interlocutory Orders.md	https://publish-01.obsidian.md/access/545fd2e08a9cfdf36ea131e5b2e326e5/documents/filings/2026-06-11%20-%20Petition%20for%20Permission%20to%20Appeal%20the%20Interlocutory%20Orders.md
documents/filings/2026-06-11 - Restitution Subrogation Notice for Dave Coltrin.md	https://publish-01.obsidian.md/access/545fd2e08a9cfdf36ea131e5b2e326e5/documents/filings/2026-06-11%20-%20Restitution%20Subrogation%20Notice%20for%20Dave%20Coltrin.md
documents/filings/2026-06-12 - Attorney General Notice Not to Respond to Constitutional Challenge.md	https://publish-01.obsidian.md/access/545fd2e08a9cfdf36ea131e5b2e326e5/documents/filings/2026-06-12%20-%20Attorney%20General%20Notice%20Not%20to%20Respond%20to%20Constitutional%20Challenge.md
documents/filings/2026-06-12 - Ruling Denying Stay Pending Interlocutory Appeal.md	https://publish-01.obsidian.md/access/545fd2e08a9cfdf36ea131e5b2e326e5/documents/filings/2026-06-12%20-%20Ruling%20Denying%20Stay%20Pending%20Interlocutory%20Appeal.md
documents/filings/2026-06-17 - State Objection to the Defense Request to Remove the Death Penalty as a Sanction.md	https://publish-01.obsidian.md/access/545fd2e08a9cfdf36ea131e5b2e326e5/documents/filings/2026-06-17%20-%20State%20Objection%20to%20the%20Defense%20Request%20to%20Remove%20the%20Death%20Penalty%20as%20a%20Sanction.md
documents/filings/2026-06-19 - Defense Second Supplemental Discovery Request.md	https://publish-01.obsidian.md/access/545fd2e08a9cfdf36ea131e5b2e326e5/documents/filings/2026-06-19%20-%20Defense%20Second%20Supplemental%20Discovery%20Request.md
documents/filings/2026-06-23 - Ruling Denying Motion to Preclude Rule 1102 Hearsay.md	https://publish-01.obsidian.md/access/545fd2e08a9cfdf36ea131e5b2e326e5/documents/filings/2026-06-23%20-%20Ruling%20Denying%20Motion%20to%20Preclude%20Rule%201102%20Hearsay.md
documents/filings/2026-06-26 - Ruling on Contempt Order to Show Cause.md	https://publish-01.obsidian.md/access/545fd2e08a9cfdf36ea131e5b2e326e5/documents/filings/2026-06-26%20-%20Ruling%20on%20Contempt%20Order%20to%20Show%20Cause.md
documents/filings/2026-07-02 - State Response to Second Supplemental Discovery Request.md	https://publish-01.obsidian.md/access/545fd2e08a9cfdf36ea131e5b2e326e5/documents/filings/2026-07-02%20-%20State%20Response%20to%20Second%20Supplemental%20Discovery%20Request.md
documents/filings/2026-07-03 - Defense Standing Objections to Hearing Exhibits.md	https://publish-01.obsidian.md/access/545fd2e08a9cfdf36ea131e5b2e326e5/documents/filings/2026-07-03%20-%20Defense%20Standing%20Objections%20to%20Hearing%20Exhibits.md
documents/filings/2026-07-08 - Victim Family Supplemental Notice on Access to Evidence.md	https://publish-01.obsidian.md/access/545fd2e08a9cfdf36ea131e5b2e326e5/documents/filings/2026-07-08%20-%20Victim%20Family%20Supplemental%20Notice%20on%20Access%20to%20Evidence.md
documents/filings/2026-07-11 - Victim Family Statement for Speedy Bindover.md	https://publish-01.obsidian.md/access/545fd2e08a9cfdf36ea131e5b2e326e5/documents/filings/2026-07-11%20-%20Victim%20Family%20Statement%20for%20Speedy%20Bindover.md
documents/records/2026-06 - UVU Charlie Kirk Records - Production 1 (cleanup texts).pdf	https://publish-01.obsidian.md/access/545fd2e08a9cfdf36ea131e5b2e326e5/documents/records/2026-06%20-%20UVU%20Charlie%20Kirk%20Records%20-%20Production%201%20%28cleanup%20texts%29.pdf
documents/records/2026-07 - UVU Charlie Kirk Records - Production 2 (GRAMA appeal, declarations, emergency payment).pdf	https://publish-01.obsidian.md/access/545fd2e08a9cfdf36ea131e5b2e326e5/documents/records/2026-07%20-%20UVU%20Charlie%20Kirk%20Records%20-%20Production%202%20%28GRAMA%20appeal%2C%20declarations%2C%20emergency%20payment%29.pdf
documents/records/2026-07 - UVU Records Prod 2 pg 49 - Emergency Payment (cleanup for shooting incident).pdf	https://publish-01.obsidian.md/access/545fd2e08a9cfdf36ea131e5b2e326e5/documents/records/2026-07%20-%20UVU%20Records%20Prod%202%20pg%2049%20-%20Emergency%20Payment%20%28cleanup%20for%20shooting%20incident%29.pdf
documents/records/2026-07 - UVU Records Prod 2 pgs 3-10 - AG Statement of Facts.pdf	https://publish-01.obsidian.md/access/545fd2e08a9cfdf36ea131e5b2e326e5/documents/records/2026-07%20-%20UVU%20Records%20Prod%202%20pgs%203-10%20-%20AG%20Statement%20of%20Facts.pdf
evidence/Confessions and Admissions.md	https://publish-01.obsidian.md/access/545fd2e08a9cfdf36ea131e5b2e326e5/evidence/Confessions%20and%20Admissions.md
evidence/Kirks Security Detail.md	https://publish-01.obsidian.md/access/545fd2e08a9cfdf36ea131e5b2e326e5/evidence/Kirks%20Security%20Detail.md
evidence/Robinson on Campus.md	https://publish-01.obsidian.md/access/545fd2e08a9cfdf36ea131e5b2e326e5/evidence/Robinson%20on%20Campus.md
evidence/The Casing Match and DNA.md	https://publish-01.obsidian.md/access/545fd2e08a9cfdf36ea131e5b2e326e5/evidence/The%20Casing%20Match%20and%20DNA.md
evidence/The Discord and Text Messages.md	https://publish-01.obsidian.md/access/545fd2e08a9cfdf36ea131e5b2e326e5/evidence/The%20Discord%20and%20Text%20Messages.md
evidence/The Engraved Casings.md	https://publish-01.obsidian.md/access/545fd2e08a9cfdf36ea131e5b2e326e5/evidence/The%20Engraved%20Casings.md
evidence/The Medical Examiner and the Wound.md	https://publish-01.obsidian.md/access/545fd2e08a9cfdf36ea131e5b2e326e5/evidence/The%20Medical%20Examiner%20and%20the%20Wound.md
evidence/The Phone and Location Data.md	https://publish-01.obsidian.md/access/545fd2e08a9cfdf36ea131e5b2e326e5/evidence/The%20Phone%20and%20Location%20Data.md
evidence/The Rifle.md	https://publish-01.obsidian.md/access/545fd2e08a9cfdf36ea131e5b2e326e5/evidence/The%20Rifle.md
evidence/The SD Cards.md	https://publish-01.obsidian.md/access/545fd2e08a9cfdf36ea131e5b2e326e5/evidence/The%20SD%20Cards.md
evidence/The Site Cleanup and Paving Records.md	https://publish-01.obsidian.md/access/545fd2e08a9cfdf36ea131e5b2e326e5/evidence/The%20Site%20Cleanup%20and%20Paving%20Records.md
evidence/The Surrender.md	https://publish-01.obsidian.md/access/545fd2e08a9cfdf36ea131e5b2e326e5/evidence/The%20Surrender.md
evidence/The Surveillance and the Gait.md	https://publish-01.obsidian.md/access/545fd2e08a9cfdf36ea131e5b2e326e5/evidence/The%20Surveillance%20and%20the%20Gait.md
evidence/The Unattributed Holster.md	https://publish-01.obsidian.md/access/545fd2e08a9cfdf36ea131e5b2e326e5/evidence/The%20Unattributed%20Holster.md
exhibits/Charges Screenshot.png	https://publish-01.obsidian.md/access/545fd2e08a9cfdf36ea131e5b2e326e5/exhibits/Charges%20Screenshot.png
exhibits/court-docs/affidavit-casings-crop.png	https://publish-01.obsidian.md/access/545fd2e08a9cfdf36ea131e5b2e326e5/exhibits/court-docs/affidavit-casings-crop.png
exhibits/court-docs/day 1 ph/brenda wright phone footage affirmation.png	https://publish-01.obsidian.md/access/545fd2e08a9cfdf36ea131e5b2e326e5/exhibits/court-docs/day%201%20ph/brenda%20wright%20phone%20footage%20affirmation.png
exhibits/court-docs/day 1 ph/cincia d noble nest doorbell videos.png	https://publish-01.obsidian.md/access/545fd2e08a9cfdf36ea131e5b2e326e5/exhibits/court-docs/day%201%20ph/cincia%20d%20noble%20nest%20doorbell%20videos.png
exhibits/court-docs/day 1 ph/kurtis olsen voluntary statement page 1.png	https://publish-01.obsidian.md/access/545fd2e08a9cfdf36ea131e5b2e326e5/exhibits/court-docs/day%201%20ph/kurtis%20olsen%20voluntary%20statement%20page%201.png
exhibits/court-docs/day 1 ph/kurtis olsen voluntary statement page 2.png	https://publish-01.obsidian.md/access/545fd2e08a9cfdf36ea131e5b2e326e5/exhibits/court-docs/day%201%20ph/kurtis%20olsen%20voluntary%20statement%20page%202.png
exhibits/court-docs/day 1 ph/kurtis olsen voluntary statement page 3.png	https://publish-01.obsidian.md/access/545fd2e08a9cfdf36ea131e5b2e326e5/exhibits/court-docs/day%201%20ph/kurtis%20olsen%20voluntary%20statement%20page%203.png
exhibits/court-docs/day 1 ph/nest doorbell video screenshot.png	https://publish-01.obsidian.md/access/545fd2e08a9cfdf36ea131e5b2e326e5/exhibits/court-docs/day%201%20ph/nest%20doorbell%20video%20screenshot.png
exhibits/court-docs/day 1 ph/officer testifying line of sight.png	https://publish-01.obsidian.md/access/545fd2e08a9cfdf36ea131e5b2e326e5/exhibits/court-docs/day%201%20ph/officer%20testifying%20line%20of%20sight.png
exhibits/court-docs/day 1 ph/terryl farnsworth camera statement of incident.png	https://publish-01.obsidian.md/access/545fd2e08a9cfdf36ea131e5b2e326e5/exhibits/court-docs/day%201%20ph/terryl%20farnsworth%20camera%20statement%20of%20incident.png
exhibits/court-docs/day 2 ph/dan evidence lab report likelihood ration tyler robinson.png	https://publish-01.obsidian.md/access/545fd2e08a9cfdf36ea131e5b2e326e5/exhibits/court-docs/day%202%20ph/dan%20evidence%20lab%20report%20likelihood%20ration%20tyler%20robinson.png
exhibits/court-docs/day 2 ph/robinson exit garage shorts and shirt.png	https://publish-01.obsidian.md/access/545fd2e08a9cfdf36ea131e5b2e326e5/exhibits/court-docs/day%202%20ph/robinson%20exit%20garage%20shorts%20and%20shirt.png
exhibits/court-docs/day 2 ph/robinson maroon shirt shorts garage.png	https://publish-01.obsidian.md/access/545fd2e08a9cfdf36ea131e5b2e326e5/exhibits/court-docs/day%202%20ph/robinson%20maroon%20shirt%20shorts%20garage.png
exhibits/court-docs/day 2 ph/robinson maroon shirt shorts stairwell.png	https://publish-01.obsidian.md/access/545fd2e08a9cfdf36ea131e5b2e326e5/exhibits/court-docs/day%202%20ph/robinson%20maroon%20shirt%20shorts%20stairwell.png
exhibits/court-docs/day 2 ph/robinson pants and long sleeve stiarwell bottom.png	https://publish-01.obsidian.md/access/545fd2e08a9cfdf36ea131e5b2e326e5/exhibits/court-docs/day%202%20ph/robinson%20pants%20and%20long%20sleeve%20stiarwell%20bottom.png
exhibits/court-docs/day 2 ph/robinson pants and long sleeve turning corner.png	https://publish-01.obsidian.md/access/545fd2e08a9cfdf36ea131e5b2e326e5/exhibits/court-docs/day%202%20ph/robinson%20pants%20and%20long%20sleeve%20turning%20corner.png
exhibits/court-docs/day 2 ph/robinson pants and long sleeve up stairs limp.png	https://publish-01.obsidian.md/access/545fd2e08a9cfdf36ea131e5b2e326e5/exhibits/court-docs/day%202%20ph/robinson%20pants%20and%20long%20sleeve%20up%20stairs%20limp.png
exhibits/court-docs/day 2 ph/robinson pants long sleeves limping down stairs.png	https://publish-01.obsidian.md/access/545fd2e08a9cfdf36ea131e5b2e326e5/exhibits/court-docs/day%202%20ph/robinson%20pants%20long%20sleeves%20limping%20down%20stairs.png
exhibits/court-docs/day 2 ph/robinson rooftop camera at corner of roof.png	https://publish-01.obsidian.md/access/545fd2e08a9cfdf36ea131e5b2e326e5/exhibits/court-docs/day%202%20ph/robinson%20rooftop%20camera%20at%20corner%20of%20roof.png
exhibits/court-docs/day 2 ph/robinson shirt and shorts stairwell bottom.png	https://publish-01.obsidian.md/access/545fd2e08a9cfdf36ea131e5b2e326e5/exhibits/court-docs/day%202%20ph/robinson%20shirt%20and%20shorts%20stairwell%20bottom.png
exhibits/court-docs/day 2 ph/robinson shirt and shorts stairwell descend.png	https://publish-01.obsidian.md/access/545fd2e08a9cfdf36ea131e5b2e326e5/exhibits/court-docs/day%202%20ph/robinson%20shirt%20and%20shorts%20stairwell%20descend.png
exhibits/court-docs/day 2 ph/robinson shirt and shorts turning corner.png	https://publish-01.obsidian.md/access/545fd2e08a9cfdf36ea131e5b2e326e5/exhibits/court-docs/day%202%20ph/robinson%20shirt%20and%20shorts%20turning%20corner.png
exhibits/court-docs/day 2 ph/robinson shirt and shorts up stairs.png	https://publish-01.obsidian.md/access/545fd2e08a9cfdf36ea131e5b2e326e5/exhibits/court-docs/day%202%20ph/robinson%20shirt%20and%20shorts%20up%20stairs.png
exhibits/court-docs/day 2 ph/robinson vehicle exit garage.png	https://publish-01.obsidian.md/access/545fd2e08a9cfdf36ea131e5b2e326e5/exhibits/court-docs/day%202%20ph/robinson%20vehicle%20exit%20garage.png
exhibits/court-docs/day 2 ph/robinson vehicle garage entry.png	https://publish-01.obsidian.md/access/545fd2e08a9cfdf36ea131e5b2e326e5/exhibits/court-docs/day%202%20ph/robinson%20vehicle%20garage%20entry.png
exhibits/court-docs/day 2 ph/robinson vehicle side garage.png	https://publish-01.obsidian.md/access/545fd2e08a9cfdf36ea131e5b2e326e5/exhibits/court-docs/day%202%20ph/robinson%20vehicle%20side%20garage.png
exhibits/court-docs/day 2 ph/state exhibit 31 dna evidence items reviewed.png	https://publish-01.obsidian.md/access/545fd2e08a9cfdf36ea131e5b2e326e5/exhibits/court-docs/day%202%20ph/state%20exhibit%2031%20dna%20evidence%20items%20reviewed.png
exhibits/court-docs/day 2 ph/state exhibit dna evidence level of support robinson and twiggs.png	https://publish-01.obsidian.md/access/545fd2e08a9cfdf36ea131e5b2e326e5/exhibits/court-docs/day%202%20ph/state%20exhibit%20dna%20evidence%20level%20of%20support%20robinson%20and%20twiggs.png
exhibits/court-docs/day 3 ph/tyler robinson in custody after surrender maroon shirt.png	https://publish-01.obsidian.md/access/545fd2e08a9cfdf36ea131e5b2e326e5/exhibits/court-docs/day%203%20ph/tyler%20robinson%20in%20custody%20after%20surrender%20maroon%20shirt.png
exhibits/court-docs/day 4 ph/bullet analysis 30 caliber class identification.png	https://publish-01.obsidian.md/access/545fd2e08a9cfdf36ea131e5b2e326e5/exhibits/court-docs/day%204%20ph/bullet%20analysis%2030%20caliber%20class%20identification.png
exhibits/court-docs/day 4 ph/bullet analysis inconclusive explanation.png	https://publish-01.obsidian.md/access/545fd2e08a9cfdf36ea131e5b2e326e5/exhibits/court-docs/day%204%20ph/bullet%20analysis%20inconclusive%20explanation.png
exhibits/court-docs/day 4 ph/bullet analysis markings close-up.png	https://publish-01.obsidian.md/access/545fd2e08a9cfdf36ea131e5b2e326e5/exhibits/court-docs/day%204%20ph/bullet%20analysis%20markings%20close-up.png
exhibits/court-docs/day 4 ph/bullet cartridge back 30-06 rp.png	https://publish-01.obsidian.md/access/545fd2e08a9cfdf36ea131e5b2e326e5/exhibits/court-docs/day%204%20ph/bullet%20cartridge%20back%2030-06%20rp.png
exhibits/court-docs/day 4 ph/bullet cartridge case exhibit notices bulge.png	https://publish-01.obsidian.md/access/545fd2e08a9cfdf36ea131e5b2e326e5/exhibits/court-docs/day%204%20ph/bullet%20cartridge%20case%20exhibit%20notices%20bulge.png
exhibits/court-docs/day 4 ph/bullet cartridge case game arrows.png	https://publish-01.obsidian.md/access/545fd2e08a9cfdf36ea131e5b2e326e5/exhibits/court-docs/day%204%20ph/bullet%20cartridge%20case%20game%20arrows.png
exhibits/court-docs/day 4 ph/bullet cartridge case hey facist.png	https://publish-01.obsidian.md/access/545fd2e08a9cfdf36ea131e5b2e326e5/exhibits/court-docs/day%204%20ph/bullet%20cartridge%20case%20hey%20facist.png
exhibits/court-docs/day 4 ph/bullet cartridge case if you read this.png	https://publish-01.obsidian.md/access/545fd2e08a9cfdf36ea131e5b2e326e5/exhibits/court-docs/day%204%20ph/bullet%20cartridge%20case%20if%20you%20read%20this.png
exhibits/court-docs/day 4 ph/bullet cartridge case lmao.png	https://publish-01.obsidian.md/access/545fd2e08a9cfdf36ea131e5b2e326e5/exhibits/court-docs/day%204%20ph/bullet%20cartridge%20case%20lmao.png
exhibits/court-docs/day 4 ph/bullet cartridge case o bella ciao.png	https://publish-01.obsidian.md/access/545fd2e08a9cfdf36ea131e5b2e326e5/exhibits/court-docs/day%204%20ph/bullet%20cartridge%20case%20o%20bella%20ciao.png
exhibits/court-docs/day 4 ph/bullet cartridge case owo whats that.png	https://publish-01.obsidian.md/access/545fd2e08a9cfdf36ea131e5b2e326e5/exhibits/court-docs/day%204%20ph/bullet%20cartridge%20case%20owo%20whats%20that.png
exhibits/court-docs/day 4 ph/bullet cartridge case this.png	https://publish-01.obsidian.md/access/545fd2e08a9cfdf36ea131e5b2e326e5/exhibits/court-docs/day%204%20ph/bullet%20cartridge%20case%20this.png
exhibits/court-docs/day 4 ph/bullet rounds test shot.png	https://publish-01.obsidian.md/access/545fd2e08a9cfdf36ea131e5b2e326e5/exhibits/court-docs/day%204%20ph/bullet%20rounds%20test%20shot.png
exhibits/court-docs/day 4 ph/burnt note exhibit 24 robinson confession handwritten destroyed.png	https://publish-01.obsidian.md/access/545fd2e08a9cfdf36ea131e5b2e326e5/exhibits/court-docs/day%204%20ph/burnt%20note%20exhibit%2024%20robinson%20confession%20handwritten%20destroyed.png
exhibits/court-docs/day 4 ph/dna analysis known sample from tyler robinson exhibit 30.png	https://publish-01.obsidian.md/access/545fd2e08a9cfdf36ea131e5b2e326e5/exhibits/court-docs/day%204%20ph/dna%20analysis%20known%20sample%20from%20tyler%20robinson%20exhibit%2030.png
exhibits/court-docs/day 4 ph/exhibit 32 dan examination results.png	https://publish-01.obsidian.md/access/545fd2e08a9cfdf36ea131e5b2e326e5/exhibits/court-docs/day%204%20ph/exhibit%2032%20dan%20examination%20results.png
exhibits/court-docs/day 4 ph/exhibit 6a bullet analysis.png	https://publish-01.obsidian.md/access/545fd2e08a9cfdf36ea131e5b2e326e5/exhibits/court-docs/day%204%20ph/exhibit%206a%20bullet%20analysis.png
exhibits/court-docs/day 4 ph/gun found in bushes in wooded area.png	https://publish-01.obsidian.md/access/545fd2e08a9cfdf36ea131e5b2e326e5/exhibits/court-docs/day%204%20ph/gun%20found%20in%20bushes%20in%20wooded%20area.png
exhibits/court-docs/day 4 ph/gun found in wooded area in towel.png	https://publish-01.obsidian.md/access/545fd2e08a9cfdf36ea131e5b2e326e5/exhibits/court-docs/day%204%20ph/gun%20found%20in%20wooded%20area%20in%20towel.png
exhibits/court-docs/day 4 ph/lance twiggs testimony screenshot.png	https://publish-01.obsidian.md/access/545fd2e08a9cfdf36ea131e5b2e326e5/exhibits/court-docs/day%204%20ph/lance%20twiggs%20testimony%20screenshot.png
exhibits/court-docs/day 4 ph/robinson gun photo in field.png	https://publish-01.obsidian.md/access/545fd2e08a9cfdf36ea131e5b2e326e5/exhibits/court-docs/day%204%20ph/robinson%20gun%20photo%20in%20field.png
exhibits/court-docs/day 4 ph/robinson text checking spot again now for gun.png	https://publish-01.obsidian.md/access/545fd2e08a9cfdf36ea131e5b2e326e5/exhibits/court-docs/day%204%20ph/robinson%20text%20checking%20spot%20again%20now%20for%20gun.png
exhibits/court-docs/day 4 ph/robinson text drop what you are doing.png	https://publish-01.obsidian.md/access/545fd2e08a9cfdf36ea131e5b2e326e5/exhibits/court-docs/day%204%20ph/robinson%20text%20drop%20what%20you%20are%20doing.png
exhibits/court-docs/day 4 ph/robinson text grandpas gun does fine.png	https://publish-01.obsidian.md/access/545fd2e08a9cfdf36ea131e5b2e326e5/exhibits/court-docs/day%204%20ph/robinson%20text%20grandpas%20gun%20does%20fine.png
exhibits/court-docs/day 4 ph/robinson text i am im sorry.png	https://publish-01.obsidian.md/access/545fd2e08a9cfdf36ea131e5b2e326e5/exhibits/court-docs/day%204%20ph/robinson%20text%20i%20am%20im%20sorry.png
exhibits/court-docs/day 4 ph/robinson text i had enough of his hatred.png	https://publish-01.obsidian.md/access/545fd2e08a9cfdf36ea131e5b2e326e5/exhibits/court-docs/day%204%20ph/robinson%20text%20i%20had%20enough%20of%20his%20hatred.png
exhibits/court-docs/day 4 ph/robinson text planning over a week.png	https://publish-01.obsidian.md/access/545fd2e08a9cfdf36ea131e5b2e326e5/exhibits/court-docs/day%204%20ph/robinson%20text%20planning%20over%20a%20week.png
exhibits/court-docs/day 4 ph/robinson text re finding gun getting worried.png	https://publish-01.obsidian.md/access/545fd2e08a9cfdf36ea131e5b2e326e5/exhibits/court-docs/day%204%20ph/robinson%20text%20re%20finding%20gun%20getting%20worried.png
exhibits/court-docs/day 4 ph/robinson text sorry for roping you into this.png	https://publish-01.obsidian.md/access/545fd2e08a9cfdf36ea131e5b2e326e5/exhibits/court-docs/day%204%20ph/robinson%20text%20sorry%20for%20roping%20you%20into%20this.png
exhibits/court-docs/day 4 ph/robinson text worried about returning dads gun.png	https://publish-01.obsidian.md/access/545fd2e08a9cfdf36ea131e5b2e326e5/exhibits/court-docs/day%204%20ph/robinson%20text%20worried%20about%20returning%20dads%20gun.png
exhibits/court-docs/day 4 ph/target sheet with bullet holes.png	https://publish-01.obsidian.md/access/545fd2e08a9cfdf36ea131e5b2e326e5/exhibits/court-docs/day%204%20ph/target%20sheet%20with%20bullet%20holes.png
exhibits/court-docs/day 4 ph/tyler robinson handwritten letter note to lance twiggs.png	https://publish-01.obsidian.md/access/545fd2e08a9cfdf36ea131e5b2e326e5/exhibits/court-docs/day%204%20ph/tyler%20robinson%20handwritten%20letter%20note%20to%20lance%20twiggs.png
exhibits/court-docs/info-confession-and-surrender.png	https://publish-01.obsidian.md/access/545fd2e08a9cfdf36ea131e5b2e326e5/exhibits/court-docs/info-confession-and-surrender.png
exhibits/court-docs/info-confession-note-crop.png	https://publish-01.obsidian.md/access/545fd2e08a9cfdf36ea131e5b2e326e5/exhibits/court-docs/info-confession-note-crop.png
exhibits/court-docs/info-home-search-crop.png	https://publish-01.obsidian.md/access/545fd2e08a9cfdf36ea131e5b2e326e5/exhibits/court-docs/info-home-search-crop.png
exhibits/court-docs/info-text-messages-exchange.png	https://publish-01.obsidian.md/access/545fd2e08a9cfdf36ea131e5b2e326e5/exhibits/court-docs/info-text-messages-exchange.png
exhibits/court-docs/stateopp-atf-quote-crop.png	https://publish-01.obsidian.md/access/545fd2e08a9cfdf36ea131e5b2e326e5/exhibits/court-docs/stateopp-atf-quote-crop.png
exhibits/farnsworth-sd-cards-statement.jpg	https://publish-01.obsidian.md/access/545fd2e08a9cfdf36ea131e5b2e326e5/exhibits/farnsworth-sd-cards-statement.jpg
exhibits/kirk-messages-reconstruction.svg	https://publish-01.obsidian.md/access/545fd2e08a9cfdf36ea131e5b2e326e5/exhibits/kirk-messages-reconstruction.svg
exhibits/kirk-shot-geometry-to-scale.svg	https://publish-01.obsidian.md/access/545fd2e08a9cfdf36ea131e5b2e326e5/exhibits/kirk-shot-geometry-to-scale.svg
exhibits/line-of-sight-croy-x-post.jpg	https://publish-01.obsidian.md/access/545fd2e08a9cfdf36ea131e5b2e326e5/exhibits/line-of-sight-croy-x-post.jpg
exhibits/official/dps-advisory.png	https://publish-01.obsidian.md/access/545fd2e08a9cfdf36ea131e5b2e326e5/exhibits/official/dps-advisory.png
exhibits/official/fbi-bohls-remarks.png	https://publish-01.obsidian.md/access/545fd2e08a9cfdf36ea131e5b2e326e5/exhibits/official/fbi-bohls-remarks.png
exhibits/official/fbi-case-page.png	https://publish-01.obsidian.md/access/545fd2e08a9cfdf36ea131e5b2e326e5/exhibits/official/fbi-case-page.png
exhibits/official/fbi-patel-remarks.png	https://publish-01.obsidian.md/access/545fd2e08a9cfdf36ea131e5b2e326e5/exhibits/official/fbi-patel-remarks.png
exhibits/official/fbi-poi-1.jpg	https://publish-01.obsidian.md/access/545fd2e08a9cfdf36ea131e5b2e326e5/exhibits/official/fbi-poi-1.jpg
exhibits/official/fbi-poi-2.jpg	https://publish-01.obsidian.md/access/545fd2e08a9cfdf36ea131e5b2e326e5/exhibits/official/fbi-poi-2.jpg
exhibits/official/post-cox.svg	https://publish-01.obsidian.md/access/545fd2e08a9cfdf36ea131e5b2e326e5/exhibits/official/post-cox.svg
exhibits/official/post-patel-custody.svg	https://publish-01.obsidian.md/access/545fd2e08a9cfdf36ea131e5b2e326e5/exhibits/official/post-patel-custody.svg
exhibits/official/post-patel-plane.svg	https://publish-01.obsidian.md/access/545fd2e08a9cfdf36ea131e5b2e326e5/exhibits/official/post-patel-plane.svg
exhibits/official/post-patel-released.svg	https://publish-01.obsidian.md/access/545fd2e08a9cfdf36ea131e5b2e326e5/exhibits/official/post-patel-released.svg
exhibits/people/amanda-bakker.png	https://publish-01.obsidian.md/access/545fd2e08a9cfdf36ea131e5b2e326e5/exhibits/people/amanda-bakker.png
exhibits/people/brian-davis.png	https://publish-01.obsidian.md/access/545fd2e08a9cfdf36ea131e5b2e326e5/exhibits/people/brian-davis.png
exhibits/people/charlie-kirk.jpg	https://publish-01.obsidian.md/access/545fd2e08a9cfdf36ea131e5b2e326e5/exhibits/people/charlie-kirk.jpg
exhibits/people/chris-bagley.png	https://publish-01.obsidian.md/access/545fd2e08a9cfdf36ea131e5b2e326e5/exhibits/people/chris-bagley.png
exhibits/people/david-hull.png	https://publish-01.obsidian.md/access/545fd2e08a9cfdf36ea131e5b2e326e5/exhibits/people/david-hull.png
exhibits/people/erika-kirk.jpg	https://publish-01.obsidian.md/access/545fd2e08a9cfdf36ea131e5b2e326e5/exhibits/people/erika-kirk.jpg
exhibits/people/jennifer-faumuina.png	https://publish-01.obsidian.md/access/545fd2e08a9cfdf36ea131e5b2e326e5/exhibits/people/jennifer-faumuina.png
exhibits/people/judge-graf.png	https://publish-01.obsidian.md/access/545fd2e08a9cfdf36ea131e5b2e326e5/exhibits/people/judge-graf.png
exhibits/people/lance-twiggs.png	https://publish-01.obsidian.md/access/545fd2e08a9cfdf36ea131e5b2e326e5/exhibits/people/lance-twiggs.png
exhibits/people/samantha-karner.png	https://publish-01.obsidian.md/access/545fd2e08a9cfdf36ea131e5b2e326e5/exhibits/people/samantha-karner.png
exhibits/people/tyler-robinson.png	https://publish-01.obsidian.md/access/545fd2e08a9cfdf36ea131e5b2e326e5/exhibits/people/tyler-robinson.png
people/A Hypothetical Cover-Up.md	https://publish-01.obsidian.md/access/545fd2e08a9cfdf36ea131e5b2e326e5/people/A%20Hypothetical%20Cover-Up.md
people/Andrew Kolvet.md	https://publish-01.obsidian.md/access/545fd2e08a9cfdf36ea131e5b2e326e5/people/Andrew%20Kolvet.md
people/Brian Harpole.md	https://publish-01.obsidian.md/access/545fd2e08a9cfdf36ea131e5b2e326e5/people/Brian%20Harpole.md
people/Charlie Kirk.md	https://publish-01.obsidian.md/access/545fd2e08a9cfdf36ea131e5b2e326e5/people/Charlie%20Kirk.md
people/Dan Flood.md	https://publish-01.obsidian.md/access/545fd2e08a9cfdf36ea131e5b2e326e5/people/Dan%20Flood.md
people/Erika Kirk.md	https://publish-01.obsidian.md/access/545fd2e08a9cfdf36ea131e5b2e326e5/people/Erika%20Kirk.md
people/George Zinn.md	https://publish-01.obsidian.md/access/545fd2e08a9cfdf36ea131e5b2e326e5/people/George%20Zinn.md
people/Greg Shaffer.md	https://publish-01.obsidian.md/access/545fd2e08a9cfdf36ea131e5b2e326e5/people/Greg%20Shaffer.md
people/Hunter Kozak.md	https://publish-01.obsidian.md/access/545fd2e08a9cfdf36ea131e5b2e326e5/people/Hunter%20Kozak.md
people/Jeff Long.md	https://publish-01.obsidian.md/access/545fd2e08a9cfdf36ea131e5b2e326e5/people/Jeff%20Long.md
people/Joe Kent.md	https://publish-01.obsidian.md/access/545fd2e08a9cfdf36ea131e5b2e326e5/people/Joe%20Kent.md
people/Judge Tony Graf.md	https://publish-01.obsidian.md/access/545fd2e08a9cfdf36ea131e5b2e326e5/people/Judge%20Tony%20Graf.md
people/Lance Twiggs.md	https://publish-01.obsidian.md/access/545fd2e08a9cfdf36ea131e5b2e326e5/people/Lance%20Twiggs.md
people/Mike Mitchell.md	https://publish-01.obsidian.md/access/545fd2e08a9cfdf36ea131e5b2e326e5/people/Mike%20Mitchell.md
people/People Index.md	https://publish-01.obsidian.md/access/545fd2e08a9cfdf36ea131e5b2e326e5/people/People%20Index.md
people/Terryl Farnsworth.md	https://publish-01.obsidian.md/access/545fd2e08a9cfdf36ea131e5b2e326e5/people/Terryl%20Farnsworth.md
people/The Defense Team.md	https://publish-01.obsidian.md/access/545fd2e08a9cfdf36ea131e5b2e326e5/people/The%20Defense%20Team.md
people/The Prosecution.md	https://publish-01.obsidian.md/access/545fd2e08a9cfdf36ea131e5b2e326e5/people/The%20Prosecution.md
people/Tyler Robinson.md	https://publish-01.obsidian.md/access/545fd2e08a9cfdf36ea131e5b2e326e5/people/Tyler%20Robinson.md
people/prosecution witnesses/Amanda Bakker.md	https://publish-01.obsidian.md/access/545fd2e08a9cfdf36ea131e5b2e326e5/people/prosecution%20witnesses/Amanda%20Bakker.md
people/prosecution witnesses/Brian Davis.md	https://publish-01.obsidian.md/access/545fd2e08a9cfdf36ea131e5b2e326e5/people/prosecution%20witnesses/Brian%20Davis.md
people/prosecution witnesses/Caitlin Oliver.md	https://publish-01.obsidian.md/access/545fd2e08a9cfdf36ea131e5b2e326e5/people/prosecution%20witnesses/Caitlin%20Oliver.md
people/prosecution witnesses/Chris Bagley.md	https://publish-01.obsidian.md/access/545fd2e08a9cfdf36ea131e5b2e326e5/people/prosecution%20witnesses/Chris%20Bagley.md
people/prosecution witnesses/David Hull.md	https://publish-01.obsidian.md/access/545fd2e08a9cfdf36ea131e5b2e326e5/people/prosecution%20witnesses/David%20Hull.md
people/prosecution witnesses/Jennifer Faumuina.md	https://publish-01.obsidian.md/access/545fd2e08a9cfdf36ea131e5b2e326e5/people/prosecution%20witnesses/Jennifer%20Faumuina.md
people/prosecution witnesses/Samantha Karner.md	https://publish-01.obsidian.md/access/545fd2e08a9cfdf36ea131e5b2e326e5/people/prosecution%20witnesses/Samantha%20Karner.md
preliminary hearing/2026-07-06 - Preliminary Hearing Day 1.md	https://publish-01.obsidian.md/access/545fd2e08a9cfdf36ea131e5b2e326e5/preliminary%20hearing/2026-07-06%20-%20Preliminary%20Hearing%20Day%201.md
preliminary hearing/2026-07-07 - Preliminary Hearing Day 2.md	https://publish-01.obsidian.md/access/545fd2e08a9cfdf36ea131e5b2e326e5/preliminary%20hearing/2026-07-07%20-%20Preliminary%20Hearing%20Day%202.md
preliminary hearing/2026-07-08 - Preliminary Hearing Day 3.md	https://publish-01.obsidian.md/access/545fd2e08a9cfdf36ea131e5b2e326e5/preliminary%20hearing/2026-07-08%20-%20Preliminary%20Hearing%20Day%203.md
preliminary hearing/2026-07-09 - Preliminary Hearing Day 4.md	https://publish-01.obsidian.md/access/545fd2e08a9cfdf36ea131e5b2e326e5/preliminary%20hearing/2026-07-09%20-%20Preliminary%20Hearing%20Day%204.md
preliminary hearing/2026-07-10 - Preliminary Hearing Day 5.md	https://publish-01.obsidian.md/access/545fd2e08a9cfdf36ea131e5b2e326e5/preliminary%20hearing/2026-07-10%20-%20Preliminary%20Hearing%20Day%205.md
theories/A Bullet on the Other Roof.md	https://publish-01.obsidian.md/access/545fd2e08a9cfdf36ea131e5b2e326e5/theories/A%20Bullet%20on%20the%20Other%20Roof.md
theories/A Second Shooter from a Lower Angle.md	https://publish-01.obsidian.md/access/545fd2e08a9cfdf36ea131e5b2e326e5/theories/A%20Second%20Shooter%20from%20a%20Lower%20Angle.md
theories/A Staffer Pulled the SD Cards.md	https://publish-01.obsidian.md/access/545fd2e08a9cfdf36ea131e5b2e326e5/theories/A%20Staffer%20Pulled%20the%20SD%20Cards.md
theories/AI and Deepfake Evidence.md	https://publish-01.obsidian.md/access/545fd2e08a9cfdf36ea131e5b2e326e5/theories/AI%20and%20Deepfake%20Evidence.md
theories/Doctored Suspect Claims.md	https://publish-01.obsidian.md/access/545fd2e08a9cfdf36ea131e5b2e326e5/theories/Doctored%20Suspect%20Claims.md
theories/Erika Kirk and the Security Team.md	https://publish-01.obsidian.md/access/545fd2e08a9cfdf36ea131e5b2e326e5/theories/Erika%20Kirk%20and%20the%20Security%20Team.md
theories/It Was Staged.md	https://publish-01.obsidian.md/access/545fd2e08a9cfdf36ea131e5b2e326e5/theories/It%20Was%20Staged.md
theories/Judge Graf Is Bought Off.md	https://publish-01.obsidian.md/access/545fd2e08a9cfdf36ea131e5b2e326e5/theories/Judge%20Graf%20Is%20Bought%20Off.md
theories/Kirk Team Seized the Security Footage.md	https://publish-01.obsidian.md/access/545fd2e08a9cfdf36ea131e5b2e326e5/theories/Kirk%20Team%20Seized%20the%20Security%20Footage.md
theories/Kirk Was Leaving the Pro-Israel Cause.md	https://publish-01.obsidian.md/access/545fd2e08a9cfdf36ea131e5b2e326e5/theories/Kirk%20Was%20Leaving%20the%20Pro-Israel%20Cause.md
theories/Lance Twiggs Was More Involved.md	https://publish-01.obsidian.md/access/545fd2e08a9cfdf36ea131e5b2e326e5/theories/Lance%20Twiggs%20Was%20More%20Involved.md
theories/Netanyahu Read Kirks Letter.md	https://publish-01.obsidian.md/access/545fd2e08a9cfdf36ea131e5b2e326e5/theories/Netanyahu%20Read%20Kirks%20Letter.md
theories/No Casing or Rifle on the Roof.md	https://publish-01.obsidian.md/access/545fd2e08a9cfdf36ea131e5b2e326e5/theories/No%20Casing%20or%20Rifle%20on%20the%20Roof.md
theories/Others Had Foreknowledge.md	https://publish-01.obsidian.md/access/545fd2e08a9cfdf36ea131e5b2e326e5/theories/Others%20Had%20Foreknowledge.md
theories/Robinson Did Not Turn Himself In.md	https://publish-01.obsidian.md/access/545fd2e08a9cfdf36ea131e5b2e326e5/theories/Robinson%20Did%20Not%20Turn%20Himself%20In.md
theories/Robinson Is a Patsy.md	https://publish-01.obsidian.md/access/545fd2e08a9cfdf36ea131e5b2e326e5/theories/Robinson%20Is%20a%20Patsy.md
theories/Robinson Texted From Custody.md	https://publish-01.obsidian.md/access/545fd2e08a9cfdf36ea131e5b2e326e5/theories/Robinson%20Texted%20From%20Custody.md
theories/The Body Camera Conveniently Failed.md	https://publish-01.obsidian.md/access/545fd2e08a9cfdf36ea131e5b2e326e5/theories/The%20Body%20Camera%20Conveniently%20Failed.md
theories/The Clothing Was Never Recovered.md	https://publish-01.obsidian.md/access/545fd2e08a9cfdf36ea131e5b2e326e5/theories/The%20Clothing%20Was%20Never%20Recovered.md
theories/The Confession Is Coerced or Fabricated.md	https://publish-01.obsidian.md/access/545fd2e08a9cfdf36ea131e5b2e326e5/theories/The%20Confession%20Is%20Coerced%20or%20Fabricated.md
theories/The DNA Didn't Match.md	https://publish-01.obsidian.md/access/545fd2e08a9cfdf36ea131e5b2e326e5/theories/The%20DNA%20Didn%27t%20Match.md
theories/The Defense Is Throwing the Case.md	https://publish-01.obsidian.md/access/545fd2e08a9cfdf36ea131e5b2e326e5/theories/The%20Defense%20Is%20Throwing%20the%20Case.md
theories/The Gun Was His But Planted.md	https://publish-01.obsidian.md/access/545fd2e08a9cfdf36ea131e5b2e326e5/theories/The%20Gun%20Was%20His%20But%20Planted.md
theories/The Inconclusive Bullet.md	https://publish-01.obsidian.md/access/545fd2e08a9cfdf36ea131e5b2e326e5/theories/The%20Inconclusive%20Bullet.md
theories/The Investigation Was Limited.md	https://publish-01.obsidian.md/access/545fd2e08a9cfdf36ea131e5b2e326e5/theories/The%20Investigation%20Was%20Limited.md
theories/The Keyboard Note.md	https://publish-01.obsidian.md/access/545fd2e08a9cfdf36ea131e5b2e326e5/theories/The%20Keyboard%20Note.md
theories/The Limp Proves an Impossible Timeline.md	https://publish-01.obsidian.md/access/545fd2e08a9cfdf36ea131e5b2e326e5/theories/The%20Limp%20Proves%20an%20Impossible%20Timeline.md
theories/The Mic-Bomb Theory.md	https://publish-01.obsidian.md/access/545fd2e08a9cfdf36ea131e5b2e326e5/theories/The%20Mic-Bomb%20Theory.md
theories/The Microphone Exploded.md	https://publish-01.obsidian.md/access/545fd2e08a9cfdf36ea131e5b2e326e5/theories/The%20Microphone%20Exploded.md
theories/The Missing Exit Wound.md	https://publish-01.obsidian.md/access/545fd2e08a9cfdf36ea131e5b2e326e5/theories/The%20Missing%20Exit%20Wound.md
theories/The Plane Theories.md	https://publish-01.obsidian.md/access/545fd2e08a9cfdf36ea131e5b2e326e5/theories/The%20Plane%20Theories.md
theories/The Scene Was Paved Over.md	https://publish-01.obsidian.md/access/545fd2e08a9cfdf36ea131e5b2e326e5/theories/The%20Scene%20Was%20Paved%20Over.md
theories/The Security Detail Was Israeli.md	https://publish-01.obsidian.md/access/545fd2e08a9cfdf36ea131e5b2e326e5/theories/The%20Security%20Detail%20Was%20Israeli.md
theories/The Shot Came from the Courtyard.md	https://publish-01.obsidian.md/access/545fd2e08a9cfdf36ea131e5b2e326e5/theories/The%20Shot%20Came%20from%20the%20Courtyard.md
theories/The Surveillance Video Was Doctored.md	https://publish-01.obsidian.md/access/545fd2e08a9cfdf36ea131e5b2e326e5/theories/The%20Surveillance%20Video%20Was%20Doctored.md
theories/They Have the Wrong Person.md	https://publish-01.obsidian.md/access/545fd2e08a9cfdf36ea131e5b2e326e5/theories/They%20Have%20the%20Wrong%20Person.md
transcripts/court/2025-09-16 - Initial Appearance Transcript.md	https://publish-01.obsidian.md/access/545fd2e08a9cfdf36ea131e5b2e326e5/transcripts/court/2025-09-16%20-%20Initial%20Appearance%20Transcript.md
transcripts/court/2025-12-11 - December 11 Hearing Transcript.md	https://publish-01.obsidian.md/access/545fd2e08a9cfdf36ea131e5b2e326e5/transcripts/court/2025-12-11%20-%20December%2011%20Hearing%20Transcript.md
transcripts/court/2026-01-16 - Disqualification Hearing, Part One Transcript.md	https://publish-01.obsidian.md/access/545fd2e08a9cfdf36ea131e5b2e326e5/transcripts/court/2026-01-16%20-%20Disqualification%20Hearing%2C%20Part%20One%20Transcript.md
transcripts/court/2026-02-03 - Disqualification Hearing, Part Two Transcript.md	https://publish-01.obsidian.md/access/545fd2e08a9cfdf36ea131e5b2e326e5/transcripts/court/2026-02-03%20-%20Disqualification%20Hearing%2C%20Part%20Two%20Transcript.md
transcripts/court/2026-06-01 - Camera Access Ruling Transcript.md	https://publish-01.obsidian.md/access/545fd2e08a9cfdf36ea131e5b2e326e5/transcripts/court/2026-06-01%20-%20Camera%20Access%20Ruling%20Transcript.md
transcripts/court/2026-06-12 - Contempt Evidentiary Hearing Transcript.md	https://publish-01.obsidian.md/access/545fd2e08a9cfdf36ea131e5b2e326e5/transcripts/court/2026-06-12%20-%20Contempt%20Evidentiary%20Hearing%20Transcript.md
transcripts/court/2026-06-22 - Twiggs Subpoena Hearing Transcript.md	https://publish-01.obsidian.md/access/545fd2e08a9cfdf36ea131e5b2e326e5/transcripts/court/2026-06-22%20-%20Twiggs%20Subpoena%20Hearing%20Transcript.md
transcripts/court/2026-07-06 - Preliminary Hearing Day 1 Transcript.md	https://publish-01.obsidian.md/access/545fd2e08a9cfdf36ea131e5b2e326e5/transcripts/court/2026-07-06%20-%20Preliminary%20Hearing%20Day%201%20Transcript.md
transcripts/court/2026-07-07 - Preliminary Hearing Day 2 Transcript.md	https://publish-01.obsidian.md/access/545fd2e08a9cfdf36ea131e5b2e326e5/transcripts/court/2026-07-07%20-%20Preliminary%20Hearing%20Day%202%20Transcript.md
transcripts/court/2026-07-08 - Preliminary Hearing Day 3 Transcript.md	https://publish-01.obsidian.md/access/545fd2e08a9cfdf36ea131e5b2e326e5/transcripts/court/2026-07-08%20-%20Preliminary%20Hearing%20Day%203%20Transcript.md
transcripts/court/2026-07-09 - Preliminary Hearing Day 4 Transcript.md	https://publish-01.obsidian.md/access/545fd2e08a9cfdf36ea131e5b2e326e5/transcripts/court/2026-07-09%20-%20Preliminary%20Hearing%20Day%204%20Transcript.md
transcripts/court/2026-07-10 - Preliminary Hearing Day 5 Transcript.md	https://publish-01.obsidian.md/access/545fd2e08a9cfdf36ea131e5b2e326e5/transcripts/court/2026-07-10%20-%20Preliminary%20Hearing%20Day%205%20Transcript.md
transcripts/court/Hearing Transcripts.md	https://publish-01.obsidian.md/access/545fd2e08a9cfdf36ea131e5b2e326e5/transcripts/court/Hearing%20Transcripts.md
transcripts/interviews/2025-09-12 - Greg Shaffer News Interview.md	https://publish-01.obsidian.md/access/545fd2e08a9cfdf36ea131e5b2e326e5/transcripts/interviews/2025-09-12%20-%20Greg%20Shaffer%20News%20Interview.md
transcripts/interviews/2025-11-17 - Brian Harpole on the Shawn Ryan Show.md	https://publish-01.obsidian.md/access/545fd2e08a9cfdf36ea131e5b2e326e5/transcripts/interviews/2025-11-17%20-%20Brian%20Harpole%20on%20the%20Shawn%20Ryan%20Show.md
transcripts/interviews/Interviews.md	https://publish-01.obsidian.md/access/545fd2e08a9cfdf36ea131e5b2e326e5/transcripts/interviews/Interviews.md
